 Fecha, Hora, Nombre_de_la_Vialidad, Georreferencia,Número,Demanda ,Punto,Proporción
04/01/2022,21:47:00,1o de mayo,"25.7509045, -100.3489967",1,1,1o de mayo,0.001529052
29/01/2022,21:07:00,2 de abril,"25.6600213, -100.3175798",2,1,2 de abril,0.001529052
25/01/2022,18:55:00,20 de noviembre,"25.6719612, -100.3357791",3,1,20 de noviembre,0.001529052
31/01/2022,16:32:00,25 de abril,"25.7550931, -100.3523711",4,1,25 de abril,0.001529052
03/01/2022,16:22:00,32a avenida,"25.7058144, -100.3680424",5,1,32a avenida,0.001529052
10/01/2022,18:10:00,5 de mayo,"25.6759036, -100.3356337",6,2,5 de mayo,0.003058104
27/01/2022,17:05:00,5 de mayo,"25.6746109, -100.3241976",7,2,aaron saenz,0.003058104
18/01/2022,22:20:00,aaron saenz,"25.6742345, -100.3756234",8,1,adolfo prieto,0.001529052
24/01/2022,09:10:00,aaron saenz,"25.6742345, -100.3756234",9,1,aguaturma,0.001529052
07/01/2022,17:30:00,adolfo prieto,"25.6773122, -100.2926977",10,1,albahaca,0.001529052
08/01/2022,23:59:00,aguaturma,"25.7415878, -100.3785908",11,1,alejandro de rodas,0.001529052
23/01/2022,17:33:00,albahaca,"25.7705129, -100.3867988",12,1,alejandro magno,0.001529052
28/01/2022,17:55:00,alejandro de rodas,"25.7317175, -100.3937266",13,14,alfonso reyes,0.021406728
10/01/2022,18:33:00,alejandro magno,"25.7161251, -100.3743323",14,7,almazan,0.010703364
03/01/2022,16:21:00,alfonso reyes,"25.6390178, -100.2847259",15,2,alvarez,0.003058104
03/01/2022,17:52:00,alfonso reyes,"25.6370153, -100.2889252",16,1,amado nervo,0.001529052
05/01/2022,17:01:00,alfonso reyes,"25.6409509, -100.2733976",17,1,angela peralta,0.001529052
06/01/2022,16:38:00,alfonso reyes,"25.6390178, -100.2847259",18,3,ant cam a villa de santiago,0.004587156
08/01/2022,20:32:00,alfonso reyes,"25.6351581, -100.2981361",19,1,antigua carretera nacional,0.001529052
09/01/2022,22:11:00,alfonso reyes,"25.7056567, -100.3148908",20,3,antiguos ejidatarios,0.004587156
11/01/2022,16:40:00,alfonso reyes,"25.6290318, -100.2854309",21,1,antonio coello,0.001529052
22/01/2022,18:40:00,alfonso reyes,"25.6290318, -100.2854309",22,1,antonio i villarreal,0.001529052
22/01/2022,18:50:00,alfonso reyes,"25.6379165, -100.2947982",23,2,antonio l rodriguez,0.003058104
24/01/2022,10:49:00,alfonso reyes,"25.7056567, -100.3148908",24,1,antonio orozco,0.001529052
25/01/2022,19:42:00,alfonso reyes,"25.6913456, -100.3168621",25,1,antonio trujillo,0.001529052
28/01/2022,16:06:00,alfonso reyes,"25.6290318, -100.2854309",26,1,apolo,0.001529052
28/01/2022,17:44:00,alfonso reyes,"25.6351581, -100.2981361",27,4,aramberri,0.006116208
28/01/2022,20:06:00,alfonso reyes,"25.6390178, -100.2847259",28,1,arcos de capri,0.001529052
04/01/2022,19:11:00,almazan,"25.7381391, -100.3348385",29,3,arteaga,0.004587156
04/01/2022,22:02:00,almazan,"25.7381391, -100.3348385",30,1,arturo b de la garza,0.001529052
06/01/2022,19:20:00,almazan,"25.7381391, -100.3348385",31,1,asistencia,0.001529052
13/01/2022,18:18:00,almazan,"25.7381391, -100.3348385",32,2,av fundidora,0.003058104
15/01/2022,20:05:00,almazan,"25.7385013, -100.3348441",33,2,av san francisco,0.003058104
26/01/2022,19:16:00,almazan,"25.7390878, -100.3362378",34,2,av san jeronimo,0.003058104
29/01/2022,16:52:00,almazan,"25.7390878, -100.3362378",35,1,av san nicolas,0.001529052
13/01/2022,18:49:00,alvarez,"25.6740701, -100.3242676",36,1,azteca prol,0.001529052
17/01/2022,17:03:00,alvarez,"25.6740701, -100.3242676",37,15,aztlan,0.02293578
11/01/2022,17:15:00,amado nervo,"25.6803673, -100.3205582",38,1,bacteriologos,0.001529052
26/01/2022,17:15:00,angela peralta,"25.67104, -100.3353438",39,1,balcones de las mitras,0.001529052
03/01/2022,20:23:00,ant cam a villa de santiago,"25.802657, -100.3706769",40,6,bernardo reyes,0.009174312
19/01/2022,17:30:00,ant cam a villa de santiago,"25.802657, -100.3706769",41,1,blvd acapulco,0.001529052
19/01/2022,18:47:00,ant cam a villa de santiago,"25.5643822, -100.2341331",42,5,cabezada,0.00764526
26/01/2022,18:28:00,antigua carretera nacional,"25.6619121, -100.2989456",43,1,calle h,0.001529052
11/01/2022,16:35:00,antiguos ejidatarios,"25.7741513, -100.4114707",44,1,camaron,0.001529052
19/01/2022,16:49:00,antiguos ejidatarios,"25.7741513, -100.4114707",45,2,camelia,0.003058104
24/01/2022,12:41:00,antiguos ejidatarios,"25.7741513, -100.4114707",46,1,camino a la rioja,0.001529052
04/01/2022,16:48:00,antonio coello,"25.6847344, -100.297115",47,2,camino del pastizal,0.003058104
26/01/2022,20:25:00,antonio i villarreal,"25.6840927, -100.2777048",48,2,camino real,0.003058104
09/01/2022,17:52:00,antonio l rodriguez,"25.673329, -100.3569021",49,1,capricornio,0.001529052
19/01/2022,19:29:00,antonio l rodriguez,"25.6705377, -100.3652593",50,1,carlos salazar,0.001529052
29/01/2022,18:40:00,antonio orozco,"25.7512206, -100.3591945",51,10,carretera nacional,0.01529052
13/01/2022,20:19:00,antonio trujillo,"25.7286249, -100.3330978",52,1,castelar,0.001529052
05/01/2022,23:40:00,apolo,"25.7689605, -100.3674719",53,1,cenizo,0.001529052
05/01/2022,17:51:00,aramberri,"25.6764632, -100.3172189",54,1,cerezo,0.001529052
12/01/2022,18:45:00,aramberri,"25.6764632, -100.3172189",55,1,cerro de las mitras,0.001529052
15/01/2022,17:31:00,aramberri,"25.6764632, -100.3172189",56,1,cerro del mercado,0.001529052
22/01/2022,17:20:00,aramberri,"25.6764632, -100.3172189",57,6,chapultepec,0.009174312
14/01/2022,16:40:00,arcos de capri,"25.7665989, -100.3972381",58,7,churubusco,0.010703364
17/01/2022,19:00:00,arteaga,"25.6834076, -100.3162895",59,1,cipres,0.001529052
21/01/2022,20:11:00,arteaga,"25.6834076, -100.3162895",60,1,colegio civil,0.001529052
23/01/2022,19:41:00,arteaga,"25.6834076, -100.3162895",61,17,colon,0.025993884
06/01/2022,16:10:00,arturo b de la garza,"25.7215824, -100.358911",62,2,condor,0.003058104
10/01/2022,20:55:00,asistencia,"25.5810153, -100.2383311",63,7,constitucion,0.010703364
03/01/2022,17:20:00,av fundidora,"25.6788381, -100.2904779",64,1,constituyentes de nl,0.001529052
26/01/2022,23:45:00,av fundidora,"25.6788381, -100.2904779",65,1,contrato colectivo,0.001529052
16/01/2022,18:10:00,av san francisco,"25.6665924, -100.3458451",66,1,coyoacan,0.001529052
24/01/2022,13:51:00,av san francisco,"25.6665924, -100.3458451",67,7,cuauhtemoc,0.010703364
14/01/2022,18:50:00,av san jeronimo,"25.6751802, -100.3612681",68,1,cumbres san agustin,0.001529052
22/01/2022,20:14:00,av san jeronimo,"25.6751802, -100.3612681",69,3,de los astros,0.004587156
23/01/2022,19:08:00,av san nicolas,"25.7015622, -100.3006367",70,1,de los colonos,0.001529052
16/01/2022,16:13:00,azteca prol,"25.7393325, -100.3474664",71,1,de los profesionistas,0.001529052
02/01/2022,20:43:00,aztlan,"25.7534746, -100.3701372",72,1,de los propietarios,0.001529052
05/01/2022,17:08:00,aztlan,"25.7563381, -100.3897967",73,1,derecho de huelga,0.001529052
05/01/2022,21:20:00,aztlan,"25.7491241, -100.3625711",74,1,dia del trabajo,0.001529052
08/01/2022,18:50:00,aztlan,"25.7419696, -100.3551691",75,3,diaz ordaz,0.004587156
09/01/2022,18:46:00,aztlan,"25.7491241, -100.3625711",76,1,edison,0.001529052
12/01/2022,18:01:00,aztlan,"25.7491241, -100.3625711",77,1,elias reynoso santana,0.001529052
12/01/2022,18:07:00,aztlan,"25.7372336, -100.3572671",78,2,emilio carranza,0.003058104
12/01/2022,20:00:00,aztlan,"25.7567758, -100.3509303",79,1,emilio portes gil,0.001529052
15/01/2022,17:11:00,aztlan,"25.763984, -100.3789961",80,2,enrique c livas,0.003058104
22/01/2022,22:30:00,aztlan,"25.7534746, -100.3701372",81,1,espinosa,0.001529052
24/01/2022,12:25:00,aztlan,"25.7484012, -100.3618302",82,1,esquisto,0.001529052
25/01/2022,17:35:00,aztlan,"25.7419696, -100.3551691",83,1,felipe angeles,0.001529052
26/01/2022,23:44:00,aztlan,"25.7667459, -100.3775735",84,1,felipe de jesus benavides,0.001529052
27/01/2022,21:18:00,aztlan,"25.7534746, -100.3701372",85,4,felix u gomez,0.006116208
28/01/2022,20:05:00,aztlan,"25.7563381, -100.3897967",86,1,ferrocarrilera,0.001529052
28/01/2022,18:06:00,bacteriologos,"25.7915715, -100.4050739",87,19,fidel velazquez,0.029051988
23/01/2022,22:42:00,balcones de las mitras,"25.7450963, -100.3716585",88,1,francisco g sada,0.001529052
01/01/2022,17:41:00,bernardo reyes,"25.7326066, -100.3326754",89,1,frijol,0.001529052
13/01/2022,23:30:00,bernardo reyes,"25.7238037, -100.3306357",90,1,fundadores del ejido,0.001529052
17/01/2022,18:02:00,bernardo reyes,"25.7146996, -100.3287058",91,1,galeana,0.001529052
22/01/2022,16:23:00,bernardo reyes,"25.7054351, -100.3266576",92,23,garza sada,0.035168196
30/01/2022,16:30:00,bernardo reyes,"25.6929268, -100.3240908",93,44,gonzalitos,0.067278287
31/01/2022,17:56:00,bernardo reyes,"25.7258676, -100.331077",94,1,grupera,0.001529052
24/01/2022,14:22:00,blvd acapulco,"25.6227278, -100.2810079",95,1,guadalupe victoria,0.001529052
05/01/2022,17:36:00,cabezada,"25.7667459, -100.3775735",96,5,guerrero,0.00764526
14/01/2022,16:47:00,cabezada,"25.7755337, -100.3821164",97,4,hidalgo,0.006116208
17/01/2022,19:30:00,cabezada,"25.7791498, -100.3916966",98,4,hilario martinez,0.006116208
17/01/2022,21:50:00,cabezada,"25.779373, -100.394818",99,1,huelga de cananea,0.001529052
30/01/2022,16:15:00,cabezada,"25.7791498, -100.3916966",100,1,insurgentes,0.001529052
31/01/2022,18:21:00,calle h,"25.7743369, -100.3839524",101,1,isaac garza,0.001529052
30/01/2022,20:57:00,camaron,"25.7515745, -100.3800959",102,1,j g leal,0.001529052
13/01/2022,23:56:00,camelia,"25.6980313, -100.287833",103,1,jacala,0.001529052
23/01/2022,22:50:00,camelia,"25.6980313, -100.287833",104,1,jalisco,0.001529052
12/01/2022,20:10:00,camino a la rioja,"25.6622922, -100.2746388",105,1,jardin de babilonia,0.001529052
16/01/2022,16:40:00,camino del pastizal,"25.7686956, -100.4088914",106,1,jesus urueta,0.001529052
29/01/2022,16:11:00,camino del pastizal,"25.7788033, -100.4024468",107,2,jimenez,0.003058104
08/01/2022,23:46:00,camino real,"25.7698543, -100.369114",108,2,jose a conchello,0.003058104
09/01/2022,20:06:00,camino real,"25.7674539, -100.3667372",109,1,jose garza ramirez,0.001529052
13/01/2022,17:23:00,capricornio,"25.6375585, -100.2827469",110,1,jose luna ayala,0.001529052
10/01/2022,17:56:00,carlos salazar,"25.6823972, -100.2750785",111,1,jose marti,0.001529052
02/01/2022,16:10:00,carretera nacional,"25.5559428, -100.2323895",112,1,jose refugio velazquez,0.001529052
04/01/2022,17:46:00,carretera nacional,"25.5704723, -100.236613",113,2,juan g alvarado,0.003058104
04/01/2022,17:46:00,carretera nacional,"25.5704723, -100.236613",114,1,juan i ramon,0.001529052
05/01/2022,20:05:00,carretera nacional,"25.6622922, -100.2746388",115,1,juan mendez,0.001529052
05/01/2022,20:16:00,carretera nacional,"25.4187497, -100.1430769",116,5,juarez,0.00764526
08/01/2022,20:30:00,carretera nacional,"25.6622922, -100.2746388",117,5,julio a roca,0.00764526
08/01/2022,20:45:00,carretera nacional,"25.6622922, -100.2746388",118,1,junco de la vega,0.001529052
15/01/2022,17:18:00,carretera nacional,"25.4187497, -100.1430769",119,1,justiniano,0.001529052
29/01/2022,16:13:00,carretera nacional,"25.4187497, -100.1430769",120,2,juventino rosas,0.003058104
29/01/2022,16:15:00,carretera nacional,"25.4187497, -100.1430769",121,1,la alianza,0.001529052
22/01/2022,16:20:00,castelar,"25.6289636, -100.2820706",122,3,la luz,0.004587156
08/01/2022,19:30:00,cenizo,"25.7674216, -100.3862482",123,1,lago erie,0.001529052
23/01/2022,18:18:00,cerezo,"25.6997879, -100.2833684",124,1,laredo,0.001529052
13/01/2022,17:32:00,cerro de las mitras,"25.7401645, -100.3866448",125,1,las rocas,0.001529052
05/01/2022,20:30:00,cerro del mercado,"25.6243277, -100.2921749",126,9,lazaro cardenas,0.013761468
03/01/2022,16:17:00,chapultepec,"25.6669462, -100.2822793",127,1,leon guzman,0.001529052
05/01/2022,18:25:00,chapultepec,"25.6669462, -100.2822793",128,40,leones,0.06116208
13/01/2022,20:10:00,chapultepec,"25.6669462, -100.2822793",129,1,ley de reforma agraria,0.001529052
17/01/2022,18:37:00,chapultepec,"25.6669462, -100.2822793",130,1,libertad,0.001529052
19/01/2022,19:28:00,chapultepec,"25.6669462, -100.2822793",131,32,lincoln,0.048929664
29/01/2022,16:21:00,chapultepec,"25.6669462, -100.2822793",132,6,luis d colosio,0.009174312
05/01/2022,17:18:00,churubusco,"25.6984897, -100.2683899",133,1,luis echeverria,0.001529052
06/01/2022,21:05:00,churubusco,"25.6974177, -100.2681815",134,1,luis m farias,0.001529052
07/01/2022,22:33:00,churubusco,"25.6984897, -100.2683899",135,1,luis moreno,0.001529052
10/01/2022,19:52:00,churubusco,"25.6838204, -100.2682107",136,19,madero,0.029051988
18/01/2022,16:52:00,churubusco,"25.6838204, -100.2682107",137,3,madero prol,0.004587156
21/01/2022,18:15:00,churubusco,"25.6838204, -100.2682107",138,1,magallanes,0.001529052
31/01/2022,16:46:00,churubusco,"25.6984897, -100.2683899",139,1,manuel de la peña y peña,0.001529052
26/01/2022,17:16:00,cipres,"25.6283428, -100.2867367",140,4,manuel l barragan,0.006116208
14/01/2022,18:53:00,colegio civil,"25.6779843, -100.3150835",141,1,mar de japon,0.001529052
03/01/2022,16:25:00,colon,"25.6876835, -100.331672",142,1,mar de las antillas,0.001529052
03/01/2022,16:32:00,colon,"25.6876835, -100.331672",143,1,marcelino m lacas,0.001529052
03/01/2022,18:33:00,colon,"25.6876835, -100.331672",144,1,mariano azueta,0.001529052
09/01/2022,17:50:00,colon,"25.6876835, -100.331672",145,3,matamoros,0.004587156
13/01/2022,17:33:00,colon,"25.6883017, -100.3369083",146,2,miguel barragan,0.003058104
13/01/2022,19:08:00,colon,"25.6839012, -100.2835786",147,1,mision cumbres,0.001529052
14/01/2022,18:42:00,colon,"25.6876835, -100.331672",148,1,mm de llano,0.001529052
15/01/2022,23:01:00,colon,"25.6876835, -100.331672",149,2,modesto arreola,0.003058104
17/01/2022,16:55:00,colon,"25.6817363, -100.2753155",150,1,monte everest,0.001529052
22/01/2022,16:09:00,colon,"25.6881149, -100.3349709",151,11,morones prieto,0.016819572
24/01/2022,11:15:00,colon,"25.6876835, -100.331672",152,1,muserola,0.001529052
28/01/2022,16:16:00,colon,"25.6876835, -100.331672",153,1,napoleon bonaparte,0.001529052
28/01/2022,21:29:00,colon,"25.6817363, -100.2753155",154,1,nardo,0.001529052
30/01/2022,21:25:00,colon,"25.6876835, -100.331672",155,3,nepenta,0.004587156
30/01/2022,22:50:00,colon,"25.6883017, -100.3369083",156,1,niños heroes,0.001529052
31/01/2022,16:20:00,colon,"25.6876835, -100.331672",157,6,no reeleccion,0.009174312
31/01/2022,17:47:00,colon,"25.6876835, -100.331672",158,1,nogal,0.001529052
05/01/2022,18:44:00,condor,"25.7384582, -100.3730829",159,1,nopal,0.001529052
07/01/2022,17:12:00,condor,"25.7384582, -100.3730829",160,1,nueva independencia,0.001529052
10/01/2022,18:27:00,constitucion,"25.6674883, -100.3312605",161,1,nuevo mexico,0.001529052
11/01/2022,17:29:00,constitucion,"25.6727925, -100.352228",162,1,ocampo,0.001529052
13/01/2022,21:43:00,constitucion,"25.664449, -100.3140082",163,1,orion,0.001529052
14/01/2022,19:25:00,constitucion,"25.7633006, -100.2419641",164,1,osvaldo sanchez,0.001529052
21/01/2022,19:30:00,constitucion,"25.6674883, -100.3312605",165,2,pablo a de la garza,0.003058104
23/01/2022,17:11:00,constitucion,"25.7633006, -100.2419641",166,3,pablo gonzalez g.,0.004587156
23/01/2022,18:51:00,constitucion,"25.7633006, -100.2419641",167,1,padre mier,0.001529052
31/01/2022,19:54:00,constituyentes de nl,"25.6978458, -100.2617702",168,1,palacio de justicia,0.001529052
22/01/2022,18:20:00,contrato colectivo,"25.7378744, -100.38198",169,1,paseo de cumbres,0.001529052
31/01/2022,16:02:00,coyoacan,"25.7409305, -100.359152",170,1,pedro infante,0.001529052
05/01/2022,17:18:00,cuauhtemoc,"25.6757314, -100.3183984",171,1,pedro martinez,0.001529052
08/01/2022,19:47:00,cuauhtemoc,"25.6757314, -100.3183984",172,1,pelicano,0.001529052
13/01/2022,17:33:00,cuauhtemoc,"25.6757314, -100.3183984",173,2,penitenciaria,0.003058104
17/01/2022,20:12:00,cuauhtemoc,"25.6757314, -100.3183984",174,1,periodistas,0.001529052
22/01/2022,19:34:00,cuauhtemoc,"25.6757314, -100.3183984",175,1,pez tambor,0.001529052
25/01/2022,19:09:00,cuauhtemoc,"25.6757314, -100.3183984",176,5,pino suarez,0.00764526
31/01/2022,16:24:00,cuauhtemoc,"25.6757314, -100.3183984",177,1,pirineos,0.001529052
27/01/2022,21:26:00,cumbres san agustin,"25.7585632, -100.4187528",178,3,platon sanchez,0.004587156
04/01/2022,19:56:00,de los astros,"25.7676158, -100.4043404",179,2,plumbago,0.003058104
17/01/2022,16:10:00,de los astros,"25.7783899, -100.3980803",180,1,porfirio diaz,0.001529052
26/01/2022,16:45:00,de los astros,"25.7733, -100.4015263",181,1,portal del huajuco,0.001529052
06/01/2022,20:00:00,de los colonos,"25.7907056, -100.3781541",182,1,portugal,0.001529052
10/01/2022,21:30:00,de los profesionistas,"25.7936291, -100.3834318",183,1,prisciliano elizondo,0.001529052
29/01/2022,23:47:00,de los propietarios,"25.7940433, -100.3812533",184,1,puerta de hierro,0.001529052
09/01/2022,18:24:00,derecho de huelga,"25.7698902, -100.3625001",185,1,puerta del sol,0.001529052
21/01/2022,21:48:00,dia del trabajo,"25.7338961, -100.3800107",186,2,puerto castilla,0.003058104
03/01/2022,18:50:00,diaz ordaz,"25.6724007, -100.3730481",187,1,puerto vallarta,0.001529052
19/01/2022,16:50:00,diaz ordaz,"25.6734226, -100.3688378",188,15,rangel frias,0.02293578
31/01/2022,19:18:00,diaz ordaz,"25.6724007, -100.3730481",189,1,real de cumbres,0.001529052
17/01/2022,23:25:00,edison,"25.6852694, -100.3334074",190,2,reforma,0.003058104
02/01/2022,16:29:00,elias reynoso santana,"25.6684936, -100.2804217",191,8,revolucion,0.012232416
18/01/2022,18:20:00,emilio carranza,"25.6758689, -100.3117201",192,1,rio aguanaval,0.001529052
25/01/2022,1899-12-30 00:00:00,emilio carranza,"25.6758689, -100.3117201",193,2,rio nazas,0.003058104
26/01/2022,17:49:00,emilio portes gil,"25.6405007, -100.2942783",194,2,rio panuco,0.003058104
11/01/2022,17:06:00,enrique c livas,"25.6932688, -100.3563147",195,5,rodrigo gomez,0.00764526
21/01/2022,19:06:00,enrique c livas,"25.6932688, -100.3563147",196,6,rogelio cantu,0.009174312
16/01/2022,22:14:00,espinosa,"25.6775456, -100.3111951",197,20,ruiz cortines,0.03058104
04/01/2022,22:38:00,esquisto,"25.7599054, -100.3686576",198,1,ruperto de leon cavazos,0.001529052
23/01/2022,1899-12-30 00:00:00,felipe angeles,"25.6332105, -100.2874706",199,1,san jose,0.001529052
31/01/2022,17:45:00,felipe de jesus benavides,"25.6802179, -100.3568869",200,1,san martin,0.001529052
03/01/2022,19:12:00,felix u gomez,"25.6876835, -100.2962458",201,1,sayula,0.001529052
10/01/2022,17:11:00,felix u gomez,"25.6876835, -100.2962458",202,1,serafin peña,0.001529052
17/01/2022,19:34:00,felix u gomez,"25.6876835, -100.2962458",203,2,sevilla,0.003058104
26/01/2022,17:05:00,felix u gomez,"25.6876835, -100.2962458",204,1,sierra alta,0.001529052
23/01/2022,16:35:00,ferrocarrilera,"25.7286249, -100.3330978",205,1,sierra de ascotan,0.001529052
03/01/2022,19:28:00,fidel velazquez,"25.7242378, -100.3268424",206,6,simon bolivar,0.009174312
04/01/2022,18:41:00,fidel velazquez,"25.7217347, -100.3339563",207,1,supremos poderes,0.001529052
06/01/2022,18:11:00,fidel velazquez,"25.7240167, -100.3276512",208,1,tapia,0.001529052
07/01/2022,17:52:00,fidel velazquez,"25.7210983, -100.3355574",209,1,tenochtitlan,0.001529052
09/01/2022,17:30:00,fidel velazquez,"25.7217347, -100.3339563",210,1,tepatitlan,0.001529052
11/01/2022,19:42:00,fidel velazquez,"25.7265784, -100.3225223",211,1,tlatelolco,0.001529052
18/01/2022,18:31:00,fidel velazquez,"25.7217347, -100.3339563",212,3,treviño,0.004587156
19/01/2022,17:55:00,fidel velazquez,"25.7217347, -100.3339563",213,2,uruguay,0.003058104
19/01/2022,18:25:00,fidel velazquez,"25.7265784, -100.3225223",214,8,venustiano carranza,0.012232416
19/01/2022,18:27:00,fidel velazquez,"25.7461103, -100.3533882",215,2,villagran,0.003058104
22/01/2022,18:00:00,fidel velazquez,"25.7265784, -100.3225223",216,3,zaragoza,0.004587156
22/01/2022,18:30:00,fidel velazquez,"25.7265784, -100.3225223",217,1,zempoala,0.001529052
22/01/2022,19:20:00,fidel velazquez,"25.7265784, -100.3225223",218,1,zuazua,0.001529052
23/01/2022,23:30:00,fidel velazquez,"25.7265784, -100.3225223",,,,
23/01/2022,23:56:00,fidel velazquez,"25.7265784, -100.3225223",,,,
28/01/2022,17:43:00,fidel velazquez,"25.7461103, -100.3533882",,,,
29/01/2022,20:52:00,fidel velazquez,"25.7461103, -100.3533882",,,,
31/01/2022,16:19:00,fidel velazquez,"25.7217347, -100.3339563",,,,
31/01/2022,18:08:00,fidel velazquez,"25.7265784, -100.3225223",,,,
04/01/2022,21:52:00,francisco g sada,"25.6808761, -100.344163",,,,
31/01/2022,22:09:00,frijol,"25.7644203, -100.3591605",,,,
20/01/2022,19:12:00,fundadores del ejido,"25.7477957, -100.3832355",,,,
29/01/2022,16:08:00,galeana,"25.7023207, -100.3604937",,,,
01/01/2022,19:23:00,garza sada,"25.6402433, -100.2852769",,,,
03/01/2022,16:56:00,garza sada,"25.6551007, -100.2945953",,,,
05/01/2022,18:30:00,garza sada,"25.6037387, -100.266951",,,,
06/01/2022,17:34:00,garza sada,"25.6551007, -100.2945953",,,,
07/01/2022,18:54:00,garza sada,"25.6402433, -100.2852769",,,,
08/01/2022,17:22:00,garza sada,"25.6522693, -100.2928656",,,,
08/01/2022,17:37:00,garza sada,"25.6456526, -100.2886745",,,,
10/01/2022,17:24:00,garza sada,"25.6522693, -100.2928656",,,,
13/01/2022,18:19:00,garza sada,"25.6402433, -100.2852769",,,,
14/01/2022,17:34:00,garza sada,"25.6402433, -100.2852769",,,,
16/01/2022,20:10:00,garza sada,"25.6402433, -100.2852769",,,,
17/01/2022,18:47:00,garza sada,"25.6551007, -100.2945953",,,,
18/01/2022,16:27:00,garza sada,"25.6522693, -100.2928656",,,,
18/01/2022,17:46:00,garza sada,"25.6456526, -100.2886745",,,,
20/01/2022,18:37:00,garza sada,"25.6456526, -100.2886745",,,,
23/01/2022,23:10:00,garza sada,"25.6456526, -100.2886745",,,,
25/01/2022,16:05:00,garza sada,"25.6625408, -100.2974123",,,,
26/01/2022,16:26:00,garza sada,"25.6402433, -100.2852769",,,,
29/01/2022,17:20:00,garza sada,"25.6648039, -100.2974024",,,,
29/01/2022,17:37:00,garza sada,"25.6456526, -100.2886745",,,,
30/01/2022,20:53:00,garza sada,"25.6551007, -100.2945953",,,,
31/01/2022,16:18:00,garza sada,"25.6648039, -100.2974024",,,,
31/01/2022,22:57:00,garza sada,"25.6443866, -100.2878765",,,,
03/01/2022,16:31:00,gonzalitos,"25.6940699, -100.3512487",,,,
03/01/2022,19:19:00,gonzalitos,"25.6806074, -100.3523157",,,,
03/01/2022,20:20:00,gonzalitos,"25.6936142, -100.3512765",,,,
04/01/2022,19:59:00,gonzalitos,"25.668778, -100.353898",,,,
05/01/2022,18:39:00,gonzalitos,"25.6940699, -100.3512487",,,,
05/01/2022,19:09:00,gonzalitos,"25.6806074, -100.3523157",,,,
05/01/2022,19:15:00,gonzalitos,"25.6936142, -100.3512765",,,,
06/01/2022,16:58:00,gonzalitos,"25.6936142, -100.3512765",,,,
09/01/2022,22:08:00,gonzalitos,"25.6936142, -100.3512765",,,,
10/01/2022,19:00:00,gonzalitos,"25.6936142, -100.3512765",,,,
11/01/2022,17:18:00,gonzalitos,"25.6936142, -100.3512765",,,,
12/01/2022,17:25:00,gonzalitos,"25.6936142, -100.3512765",,,,
12/01/2022,18:47:00,gonzalitos,"25.6936142, -100.3512765",,,,
12/01/2022,23:39:00,gonzalitos,"25.6806074, -100.3523157",,,,
13/01/2022,16:39:00,gonzalitos,"25.6940699, -100.3512487",,,,
13/01/2022,18:20:00,gonzalitos,"25.6936142, -100.3512765",,,,
13/01/2022,19:03:00,gonzalitos,"25.6751286, -100.3524194",,,,
13/01/2022,23:50:00,gonzalitos,"25.6806074, -100.3523157",,,,
14/01/2022,18:22:00,gonzalitos,"25.6806074, -100.3523157",,,,
15/01/2022,16:08:00,gonzalitos,"25.6940699, -100.3512487",,,,
15/01/2022,23:08:00,gonzalitos,"25.711167, -100.35044",,,,
17/01/2022,17:10:00,gonzalitos,"25.6936142, -100.3512765",,,,
17/01/2022,19:16:00,gonzalitos,"25.6751286, -100.3524194",,,,
17/01/2022,19:30:00,gonzalitos,"25.6936142, -100.3512765",,,,
18/01/2022,18:42:00,gonzalitos,"25.711167, -100.35044",,,,
20/01/2022,19:37:00,gonzalitos,"25.6806074, -100.3523157",,,,
21/01/2022,17:56:00,gonzalitos,"25.6940699, -100.3512487",,,,
21/01/2022,21:35:00,gonzalitos,"25.6806074, -100.3523157",,,,
22/01/2022,16:14:00,gonzalitos,"25.6850414, -100.3419113",,,,
22/01/2022,20:33:00,gonzalitos,"25.6806074, -100.3523157",,,,
22/01/2022,21:50:00,gonzalitos,"25.668778, -100.353898",,,,
22/01/2022,22:30:00,gonzalitos,"25.6806074, -100.3523157",,,,
22/01/2022,23:04:00,gonzalitos,"25.668778, -100.353898",,,,
22/01/2022,23:45:00,gonzalitos,"25.6806074, -100.3523157",,,,
23/01/2022,22:58:00,gonzalitos,"25.6806074, -100.3523157",,,,
24/01/2022,14:42:00,gonzalitos,"25.6850414, -100.3419113",,,,
25/01/2022,16:07:00,gonzalitos,"25.6806074, -100.3523157",,,,
25/01/2022,19:41:00,gonzalitos,"25.6940699, -100.3512487",,,,
26/01/2022,18:13:00,gonzalitos,"25.6936142, -100.3512765",,,,
29/01/2022,19:02:00,gonzalitos,"25.6806074, -100.3523157",,,,
29/01/2022,21:47:00,gonzalitos,"25.6936142, -100.3512765",,,,
29/01/2022,22:19:00,gonzalitos,"25.6806074, -100.3523157",,,,
31/01/2022,19:23:00,gonzalitos,"25.668778, -100.353898",,,,
31/01/2022,20:08:00,gonzalitos,"25.6936142, -100.3512765",,,,
07/01/2022,18:43:00,grupera,"25.7731365, -100.3749373",,,,
18/01/2022,18:38:00,guadalupe victoria,"25.6386855, -100.3038061",,,,
04/01/2022,20:08:00,guerrero,"25.6953623, -100.3108287",,,,
13/01/2022,23:09:00,guerrero,"25.6987478, -100.3103664",,,,
17/01/2022,23:45:00,guerrero,"25.690829, -100.3114027",,,,
19/01/2022,18:01:00,guerrero,"25.710579, -100.3088832",,,,
29/01/2022,16:05:00,guerrero,"25.6799064, -100.3128133",,,,
03/01/2022,17:16:00,hidalgo,"25.6775561, -100.2596962",,,,
04/01/2022,20:17:00,hidalgo,"25.6717998, -100.3454842",,,,
21/01/2022,20:35:00,hidalgo,"25.7340829, -100.3235132",,,,
22/01/2022,17:52:00,hidalgo,"25.6775561, -100.2596962",,,,
20/01/2022,20:01:00,hilario martinez,"25.6559705, -100.3052687",,,,
22/01/2022,20:22:00,hilario martinez,"25.6577014, -100.3048695",,,,
24/01/2022,14:20:00,hilario martinez,"25.6545956, -100.3055571",,,,
30/01/2022,20:27:00,hilario martinez,"25.6577014, -100.3048695",,,,
01/01/2022,20:23:00,huelga de cananea,"25.7757093, -100.3735568",,,,
20/01/2022,20:54:00,insurgentes,"25.6803806, -100.3601659",,,,
28/01/2022,17:37:00,isaac garza,"25.6808634, -100.3166237",,,,
27/01/2022,19:23:00,j g leal,"25.6805856, -100.2982995",,,,
08/01/2022,22:16:00,jacala,"25.6920323, -100.3423072",,,,
13/01/2022,19:44:00,jalisco,"25.6532767, -100.3148996",,,,
07/01/2022,19:10:00,jardin de babilonia,"25.7156423, -100.3550861",,,,
01/01/2022,20:45:00,jesus urueta,"25.6919997, -100.2851381",,,,
11/01/2022,18:56:00,jimenez,"25.6755384, -100.259645",,,,
31/01/2022,17:24:00,jimenez,"25.6755384, -100.259645",,,,
27/01/2022,17:49:00,jose a conchello,"25.698804, -100.300264",,,,
28/01/2022,17:34:00,jose a conchello,"25.6945537, -100.2977932",,,,
03/01/2022,18:52:00,jose garza ramirez,"25.693635, -100.3770892",,,,
17/01/2022,20:29:00,jose luna ayala,"25.6761089, -100.3587006",,,,
18/01/2022,19:06:00,jose marti,"25.6848756, -100.2824205",,,,
20/01/2022,1899-12-30 00:00:00,jose refugio velazquez,"25.6660258, -100.3047472",,,,
14/01/2022,21:21:00,juan g alvarado,"25.7277403, -100.3414142",,,,
16/01/2022,21:21:00,juan g alvarado,"25.7277403, -100.3414142",,,,
28/01/2022,17:45:00,juan i ramon,"25.6713392, -100.3155804",,,,
04/01/2022,17:12:00,juan mendez,"25.675511, -100.316388",,,,
08/01/2022,16:54:00,juarez,"25.6761698, -100.3144021",,,,
11/01/2022,17:46:00,juarez,"25.6761698, -100.3144021",,,,
24/01/2022,12:44:00,juarez,"25.6761698, -100.3144021",,,,
26/01/2022,17:31:00,juarez,"25.6761698, -100.3144021",,,,
28/01/2022,18:30:00,juarez,"25.6761698, -100.3144021",,,,
01/01/2022,16:19:00,julio a roca,"25.7597813, -100.3604759",,,,
01/01/2022,22:18:00,julio a roca,"25.7489725, -100.3480067",,,,
14/01/2022,21:06:00,julio a roca,"25.7784342, -100.3760115",,,,
16/01/2022,18:44:00,julio a roca,"25.7784342, -100.3760115",,,,
29/01/2022,19:50:00,julio a roca,"25.7784342, -100.3760115",,,,
15/01/2022,22:16:00,junco de la vega,"25.6436698, -100.2811867",,,,
31/01/2022,18:30:00,justiniano,"25.7138217, -100.3852257",,,,
08/01/2022,16:24:00,juventino rosas,"25.6658116, -100.284023",,,,
12/01/2022,19:09:00,juventino rosas,"25.6658779, -100.2948109",,,,
09/01/2022,23:56:00,la alianza,"25.7795934, -100.4045687",,,,
14/01/2022,19:14:00,la luz,"25.5972498, -100.2505491",,,,
15/01/2022,17:27:00,la luz,"25.6866142, -100.3161126",,,,
15/01/2022,21:12:00,la luz,"25.6032934, -100.1787713",,,,
20/01/2022,17:00:00,lago erie,"25.6023415, -100.2623667",,,,
06/01/2022,18:11:00,laredo,"25.7106286, -100.347096",,,,
26/01/2022,19:10:00,las rocas,"25.7550514, -100.3769182",,,,
10/01/2022,16:05:00,lazaro cardenas,"25.621335, -100.285074",,,,
11/01/2022,17:54:00,lazaro cardenas,"25.6290318, -100.2854309",,,,
11/01/2022,20:34:00,lazaro cardenas,"25.6993959, -100.3574315",,,,
16/01/2022,17:04:00,lazaro cardenas,"25.6266079, -100.2933941",,,,
22/01/2022,19:00:00,lazaro cardenas,"25.6266079, -100.2933941",,,,
24/01/2022,08:24:00,lazaro cardenas,"25.6341089, -100.3060995",,,,
24/01/2022,09:55:00,lazaro cardenas,"25.621335, -100.285074",,,,
25/01/2022,16:47:00,lazaro cardenas,"25.6346933, -100.3070991",,,,
30/01/2022,20:38:00,lazaro cardenas,"25.6346933, -100.3070991",,,,
24/01/2022,14:31:00,leon guzman,"25.6615986, -100.3011313",,,,
03/01/2022,16:15:00,leones,"25.7522425, -100.4170464",,,,
04/01/2022,16:21:00,leones,"25.7218184, -100.3909118",,,,
04/01/2022,17:31:00,leones,"25.7214946, -100.2281834",,,,
04/01/2022,17:31:00,leones,"25.7214946, -100.2281834",,,,
05/01/2022,17:26:00,leones,"25.7331208, -100.3997722",,,,
05/01/2022,23:04:00,leones,"25.7528291, -100.4350896",,,,
06/01/2022,16:10:00,leones,"25.7528291, -100.4350896",,,,
06/01/2022,20:41:00,leones,"25.6966796, -100.3477248",,,,
06/01/2022,22:20:00,leones,"25.7151523, -100.3814323",,,,
07/01/2022,16:50:00,leones,"25.748986, -100.4093014",,,,
07/01/2022,21:36:00,leones,"25.6968778, -100.3508409",,,,
07/01/2022,21:43:00,leones,"25.6966796, -100.3477248",,,,
08/01/2022,21:00:00,leones,"25.7151523, -100.3814323",,,,
09/01/2022,20:34:00,leones,"25.7214946, -100.2281834",,,,
09/01/2022,23:11:00,leones,"25.7214946, -100.2281834",,,,
10/01/2022,16:31:00,leones,"25.7214946, -100.2281834",,,,
11/01/2022,19:15:00,leones,"25.748986, -100.4093014",,,,
11/01/2022,1899-12-30 00:00:00,leones,"25.7151523, -100.3814323",,,,
12/01/2022,19:35:00,leones,"25.7214946, -100.2281834",,,,
14/01/2022,16:15:00,leones,"25.6966796, -100.3477248",,,,
16/01/2022,17:02:00,leones,"25.7214946, -100.2281834",,,,
16/01/2022,17:45:00,leones,"25.7503835, -100.4302353",,,,
18/01/2022,16:21:00,leones,"25.6966796, -100.3477248",,,,
19/01/2022,18:38:00,leones,"25.6966796, -100.3477248",,,,
19/01/2022,20:15:00,leones,"25.7214946, -100.2281834",,,,
20/01/2022,19:39:00,leones,"25.7154063, -100.3818563",,,,
22/01/2022,23:23:00,leones,"25.7143915, -100.3805725",,,,
23/01/2022,19:56:00,leones,"25.7522425, -100.4170464",,,,
23/01/2022,20:16:00,leones,"25.7143915, -100.3805725",,,,
23/01/2022,23:28:00,leones,"25.7143915, -100.3805725",,,,
25/01/2022,18:12:00,leones,"25.7214946, -100.2281834",,,,
25/01/2022,18:26:00,leones,"25.6966796, -100.3477248",,,,
25/01/2022,18:28:00,leones,"25.7214946, -100.2281834",,,,
26/01/2022,20:03:00,leones,"25.7089514, -100.3740323",,,,
26/01/2022,21:43:00,leones,"25.7154063, -100.3818563",,,,
27/01/2022,16:08:00,leones,"25.7259203, -100.3942345",,,,
27/01/2022,17:02:00,leones,"25.7218184, -100.3909118",,,,
29/01/2022,18:00:00,leones,"25.7151523, -100.3814323",,,,
30/01/2022,20:00:00,leones,"25.7143915, -100.3805725",,,,
31/01/2022,21:20:00,leones,"25.7151523, -100.3814323",,,,
16/01/2022,16:27:00,ley de reforma agraria,"25.7513748, -100.386154",,,,
24/01/2022,10:05:00,libertad,"25.6997743, -100.2862772",,,,
04/01/2022,20:18:00,lincoln,"25.7644109, -100.4087882",,,,
04/01/2022,21:52:00,lincoln,"25.7255433, -100.3660017",,,,
05/01/2022,21:11:00,lincoln,"25.7644109, -100.4087882",,,,
06/01/2022,17:30:00,lincoln,"25.7406777, -100.3795788",,,,
06/01/2022,18:47:00,lincoln,"25.76098, -100.40397",,,,
06/01/2022,20:21:00,lincoln,"25.728614, -100.3687632",,,,
07/01/2022,21:10:00,lincoln,"25.7644109, -100.4087882",,,,
08/01/2022,20:12:00,lincoln,"25.7382506, -100.3774622",,,,
09/01/2022,17:23:00,lincoln,"25.7522425, -100.4170464",,,,
09/01/2022,22:13:00,lincoln,"25.7644109, -100.4087882",,,,
11/01/2022,16:40:00,lincoln,"25.7678819, -100.415573",,,,
13/01/2022,21:08:00,lincoln,"25.7522425, -100.4170464",,,,
13/01/2022,21:54:00,lincoln,"25.7644109, -100.4087882",,,,
14/01/2022,18:37:00,lincoln,"25.7406777, -100.3795788",,,,
14/01/2022,19:56:00,lincoln,"25.7382506, -100.3774622",,,,
15/01/2022,16:54:00,lincoln,"25.7522425, -100.4170464",,,,
15/01/2022,17:48:00,lincoln,"25.7644109, -100.4087882",,,,
15/01/2022,17:54:00,lincoln,"25.7201688, -100.3589183",,,,
16/01/2022,21:19:00,lincoln,"25.7406777, -100.3795788",,,,
17/01/2022,19:50:00,lincoln,"25.7527855, -100.3928213",,,,
17/01/2022,20:44:00,lincoln,"25.7527855, -100.3928213",,,,
17/01/2022,1899-12-30 00:00:00,lincoln,"25.7800991, -100.4548858",,,,
18/01/2022,18:35:00,lincoln,"25.7240391, -100.3645717",,,,
18/01/2022,18:36:00,lincoln,"25.7644109, -100.4087882",,,,
19/01/2022,18:30:00,lincoln,"25.7527855, -100.3928213",,,,
19/01/2022,23:17:00,lincoln,"25.7644109, -100.4087882",,,,
24/01/2022,10:42:00,lincoln,"25.7406777, -100.3795788",,,,
24/01/2022,12:20:00,lincoln,"25.7382506, -100.3774622",,,,
24/01/2022,15:10:00,lincoln,"25.7202267, -100.3587368",,,,
25/01/2022,16:18:00,lincoln,"25.7240391, -100.3645717",,,,
27/01/2022,20:40:00,lincoln,"25.7412894, -100.3803702",,,,
28/01/2022,19:12:00,lincoln,"25.7527855, -100.3928213",,,,
01/01/2022,18:46:00,luis d colosio,"25.7721352, -100.3890336",,,,
11/01/2022,22:32:00,luis d colosio,"25.764719, -100.3991835",,,,
11/01/2022,22:40:00,luis d colosio,"25.7930166, -100.3762627",,,,
19/01/2022,17:44:00,luis d colosio,"25.7800122, -100.386237",,,,
20/01/2022,16:47:00,luis d colosio,"25.764719, -100.3991835",,,,
22/01/2022,16:56:00,luis d colosio,"25.7721352, -100.3890336",,,,
30/01/2022,19:20:00,luis echeverria,"25.7482223, -100.3528126",,,,
31/01/2022,19:57:00,luis m farias,"25.7441897, -100.3540339",,,,
29/01/2022,17:17:00,luis moreno,"25.7165208, -100.3269151",,,,
05/01/2022,1899-12-30 00:00:00,madero,"25.6838767, -100.3133762",,,,
07/01/2022,19:21:00,madero,"25.6838767, -100.3133762",,,,
10/01/2022,16:39:00,madero,"25.6838767, -100.3133762",,,,
10/01/2022,17:49:00,madero,"25.6838767, -100.3133762",,,,
11/01/2022,18:40:00,madero,"25.6874237, -100.3446686",,,,
13/01/2022,19:57:00,madero,"25.6838767, -100.3133762",,,,
15/01/2022,23:40:00,madero,"25.6838767, -100.3133762",,,,
16/01/2022,17:37:00,madero,"25.6838767, -100.3133762",,,,
19/01/2022,17:06:00,madero,"25.6838767, -100.3133762",,,,
19/01/2022,19:06:00,madero,"25.6876029, -100.3461205",,,,
20/01/2022,16:14:00,madero,"25.6838767, -100.3133762",,,,
24/01/2022,09:05:00,madero,"25.6876029, -100.3461205",,,,
26/01/2022,17:42:00,madero,"25.6838767, -100.3133762",,,,
26/01/2022,21:17:00,madero,"25.6838767, -100.3133762",,,,
28/01/2022,16:51:00,madero,"25.6838767, -100.3133762",,,,
28/01/2022,19:45:00,madero,"25.6838767, -100.3133762",,,,
28/01/2022,21:20:00,madero,"25.6838767, -100.3133762",,,,
29/01/2022,19:05:00,madero,"25.6838767, -100.3133762",,,,
31/01/2022,16:27:00,madero,"25.6838767, -100.3133762",,,,
01/01/2022,20:31:00,madero prol,"25.6863311, -100.2662003",,,,
12/01/2022,17:22:00,madero prol,"25.6863311, -100.2662003",,,,
19/01/2022,18:33:00,madero prol,"25.6863311, -100.2662003",,,,
17/01/2022,19:36:00,magallanes,"25.6869019, -100.3080312",,,,
28/01/2022,16:48:00,manuel de la peña y peña,"25.7021733, -100.3216931",,,,
25/01/2022,23:16:00,manuel l barragan,"25.7077623, -100.3168726",,,,
26/01/2022,16:24:00,manuel l barragan,"25.7077623, -100.3168726",,,,
28/01/2022,21:50:00,manuel l barragan,"25.7073327, -100.3170447",,,,
31/01/2022,17:45:00,manuel l barragan,"25.7077623, -100.3168726",,,,
01/01/2022,17:17:00,mar de japon,"25.7492772, -100.3664025",,,,
23/01/2022,22:25:00,mar de las antillas,,,,,
18/01/2022,17:05:00,marcelino m lacas,"25.6780068, -100.3426089",,,,
02/01/2022,20:52:00,mariano azueta,"25.6600105, -100.287331",,,,
04/01/2022,16:25:00,matamoros,"25.6715815, -100.3256212",,,,
18/01/2022,16:38:00,matamoros,"25.6715815, -100.3256212",,,,
26/01/2022,17:50:00,matamoros,"25.6732268, -100.3354929",,,,
11/01/2022,16:16:00,miguel barragan,"25.6932794, -100.3339554",,,,
17/01/2022,23:45:00,miguel barragan,"25.6794843, -100.347899",,,,
17/01/2022,16:05:00,mision cumbres,"25.7374725, -100.3902142",,,,
25/01/2022,19:50:00,mm de llano,"25.6785234, -100.312149",,,,
01/01/2022,18:07:00,modesto arreola,"25.674769, -100.3074379",,,,
14/01/2022,17:37:00,modesto arreola,"25.677229, -100.3319779",,,,
05/01/2022,23:11:00,monte everest,"25.7461555, -100.4132294",,,,
05/01/2022,17:44:00,morones prieto,"25.6657081, -100.3338365",,,,
05/01/2022,1899-12-30 00:00:00,morones prieto,"25.6632461, -100.3182639",,,,
08/01/2022,23:55:00,morones prieto,"25.6678765, -100.2950035",,,,
09/01/2022,19:22:00,morones prieto,"25.6632461, -100.3182639",,,,
10/01/2022,16:33:00,morones prieto,"25.6652002, -100.3307452",,,,
10/01/2022,18:42:00,morones prieto,"25.6678765, -100.2950035",,,,
12/01/2022,19:04:00,morones prieto,"25.6652002, -100.3307452",,,,
12/01/2022,20:30:00,morones prieto,"25.6668104, -100.3394809",,,,
13/01/2022,19:17:00,morones prieto,"25.6719674, -100.284706",,,,
24/01/2022,11:26:00,morones prieto,"25.6641598, -100.3027939",,,,
26/01/2022,18:31:00,morones prieto,"25.6632461, -100.3182639",,,,
29/01/2022,21:35:00,muserola,"25.7731365, -100.3749373",,,,
25/01/2022,17:54:00,napoleon bonaparte,"25.7071205, -100.3279721",,,,
27/01/2022,19:56:00,nardo,"25.7016115, -100.3032184",,,,
15/01/2022,17:55:00,nepenta,"25.7693432, -100.3837696",,,,
15/01/2022,17:55:00,nepenta,"25.7693432, -100.3837696",,,,
31/01/2022,19:45:00,nepenta,"25.7693432, -100.3837696",,,,
21/01/2022,18:10:00,niños heroes,"25.7015357, -100.3586217",,,,
06/01/2022,16:27:00,no reeleccion,"25.7347986, -100.3638017",,,,
06/01/2022,16:30:00,no reeleccion,"25.7363263, -100.3662778",,,,
08/01/2022,18:44:00,no reeleccion,"25.770477, -100.404223",,,,
18/01/2022,22:18:00,no reeleccion,"25.7632586, -100.3955824",,,,
27/01/2022,22:54:00,no reeleccion,"25.7706267, -100.4053446",,,,
28/01/2022,20:14:00,no reeleccion,"25.7347986, -100.3638017",,,,
11/01/2022,16:47:00,nogal,"25.7277027, -100.3794613",,,,
15/01/2022,20:43:00,nopal,"25.7476503, -100.2646466",,,,
15/01/2022,17:28:00,nueva independencia,"25.6576726, -100.3276886",,,,
20/01/2022,17:26:00,nuevo mexico,"25.7276086, -100.349191",,,,
20/01/2022,19:44:00,ocampo,"25.6667947, -100.3193205",,,,
07/01/2022,17:29:00,orion,"25.6375709, -100.2768775",,,,
14/01/2022,18:35:00,osvaldo sanchez,"25.7072985, -100.3231755",,,,
01/01/2022,17:05:00,pablo a de la garza,"25.6915168, -100.2874254",,,,
29/01/2022,16:21:00,pablo a de la garza,"25.6988972, -100.2872954",,,,
10/01/2022,17:17:00,pablo gonzalez g.,"25.6840701, -100.3450896",,,,
11/01/2022,19:17:00,pablo gonzalez g.,"25.6815832, -100.3503174",,,,
12/01/2022,23:21:00,pablo gonzalez g.,"25.6768503, -100.3611176",,,,
06/01/2022,1899-12-30 00:00:00,padre mier,"25.6695782, -100.3216168",,,,
02/01/2022,20:15:00,palacio de justicia,"25.7283727, -100.3370123",,,,
03/01/2022,17:09:00,paseo de cumbres,"25.7487734, -100.4093225",,,,
24/01/2022,14:55:00,pedro infante,"25.7357071, -100.3976299",,,,
10/01/2022,19:50:00,pedro martinez,"25.6621545, -100.2947526",,,,
14/01/2022,18:37:00,pelicano,"25.7361919, -100.3762016",,,,
12/01/2022,16:26:00,penitenciaria,"25.7241218, -100.3396858",,,,
21/01/2022,22:38:00,penitenciaria,"25.723101, -100.3365064",,,,
14/01/2022,22:54:00,periodistas,"25.7720153, -100.4152249",,,,
01/01/2022,22:11:00,pez tambor,"25.75555, -100.3831749",,,,
03/01/2022,16:28:00,pino suarez,"25.6661568, -100.3202256",,,,
04/01/2022,17:51:00,pino suarez,"25.6661568, -100.3202256",,,,
06/01/2022,17:24:00,pino suarez,"25.6661568, -100.3202256",,,,
27/01/2022,18:01:00,pino suarez,"25.6661568, -100.3202256",,,,
30/01/2022,17:08:00,pino suarez,"25.6661568, -100.3202256",,,,
03/01/2022,17:35:00,pirineos,"25.6545339, -100.2946096",,,,
16/01/2022,16:10:00,platon sanchez,"25.6783766, -100.3024106",,,,
19/01/2022,17:25:00,platon sanchez,"25.6783766, -100.3024106",,,,
31/01/2022,19:36:00,platon sanchez,"25.6783766, -100.3024106",,,,
08/01/2022,17:50:00,plumbago,"25.7656177, -100.3894731",,,,
17/01/2022,16:41:00,plumbago,"25.7656177, -100.3894731",,,,
28/01/2022,17:57:00,porfirio diaz,"25.6710833, -100.3269499",,,,
14/01/2022,17:28:00,portal del huajuco,"25.5657087, -100.2289548",,,,
19/01/2022,17:33:00,portugal,"25.6718993, -100.362078",,,,
07/01/2022,18:12:00,prisciliano elizondo,"25.6914823, -100.2822316",,,,
22/01/2022,20:49:00,puerta de hierro,"25.752288, -100.4172802",,,,
07/01/2022,21:36:00,puerta del sol,"25.6820726, -100.3611839",,,,
22/01/2022,17:59:00,puerto castilla,"25.6234366, -100.2809718",,,,
22/01/2022,17:59:00,puerto castilla,"25.6234366, -100.2809718",,,,
04/01/2022,16:08:00,puerto vallarta,"25.6211272, -100.2798294",,,,
01/01/2022,16:10:00,rangel frias,"25.7152167, -100.3617773",,,,
09/01/2022,17:32:00,rangel frias,"25.7101678, -100.3655685",,,,
12/01/2022,19:05:00,rangel frias,"25.7101678, -100.3655685",,,,
12/01/2022,19:06:00,rangel frias,"25.7152167, -100.3617773",,,,
15/01/2022,19:31:00,rangel frias,"25.7305627, -100.3451109",,,,
19/01/2022,18:39:00,rangel frias,"25.7101678, -100.3655685",,,,
19/01/2022,19:04:00,rangel frias,"25.7152167, -100.3617773",,,,
22/01/2022,20:39:00,rangel frias,"25.7152167, -100.3617773",,,,
23/01/2022,21:15:00,rangel frias,"25.7152167, -100.3617773",,,,
25/01/2022,19:25:00,rangel frias,"25.7152167, -100.3617773",,,,
27/01/2022,17:42:00,rangel frias,"25.7101678, -100.3655685",,,,
28/01/2022,17:05:00,rangel frias,"25.7152167, -100.3617773",,,,
29/01/2022,23:21:00,rangel frias,"25.7101678, -100.3655685",,,,
31/01/2022,16:56:00,rangel frias,"25.7162687, -100.3609895",,,,
31/01/2022,17:03:00,rangel frias,"25.7254286, -100.3539888",,,,
05/01/2022,19:45:00,real de cumbres,"25.7543592, -100.4034805",,,,
30/01/2022,17:30:00,reforma,"25.6840667, -100.3064622",,,,
30/01/2022,19:27:00,reforma,"25.6840667, -100.3064622",,,,
03/01/2022,18:54:00,revolucion,"25.6313028, -100.2879382",,,,
08/01/2022,16:01:00,revolucion,"25.6644631, -100.2837621",,,,
10/01/2022,19:12:00,revolucion,"25.6313028, -100.2879382",,,,
13/01/2022,19:16:00,revolucion,"25.6416088, -100.2735927",,,,
14/01/2022,17:56:00,revolucion,"25.6644631, -100.2837621",,,,
18/01/2022,16:35:00,revolucion,"25.6416088, -100.2735927",,,,
22/01/2022,18:30:00,revolucion,"25.6644631, -100.2837621",,,,
29/01/2022,18:28:00,revolucion,"25.6313028, -100.2879382",,,,
18/01/2022,22:17:00,rio aguanaval,"25.6487022, -100.297425",,,,
02/01/2022,20:17:00,rio nazas,"25.6412936, -100.3045952",,,,
28/01/2022,16:54:00,rio nazas,"25.6406194, -100.3054908",,,,
12/01/2022,17:30:00,rio panuco,"25.6477155, -100.2956425",,,,
20/01/2022,16:37:00,rio panuco,"25.6455895, -100.2937819",,,,
09/01/2022,17:47:00,rodrigo gomez,"25.7401664, -100.3426144",,,,
15/01/2022,16:06:00,rodrigo gomez,"25.7314009, -100.3426639",,,,
17/01/2022,20:06:00,rodrigo gomez,"25.7390878, -100.3362378",,,,
18/01/2022,19:32:00,rodrigo gomez,"25.7235232, -100.3424534",,,,
21/01/2022,19:03:00,rodrigo gomez,"25.7401664, -100.3426144",,,,
13/01/2022,19:17:00,rogelio cantu,"25.6849535, -100.379859",,,,
20/01/2022,16:21:00,rogelio cantu,"25.6750352, -100.3795425",,,,
24/01/2022,08:30:00,rogelio cantu,"25.6750352, -100.3795425",,,,
26/01/2022,23:55:00,rogelio cantu,"25.6938849, -100.3815191",,,,
28/01/2022,17:22:00,rogelio cantu,"25.6849535, -100.379859",,,,
28/01/2022,18:30:00,rogelio cantu,"25.6849535, -100.379859",,,,
04/01/2022,16:16:00,ruiz cortines,"25.7101892, -100.355126",,,,
06/01/2022,16:44:00,ruiz cortines,"25.7040457, -100.3014531",,,,
06/01/2022,23:34:00,ruiz cortines,"25.7456422, -100.3874536",,,,
08/01/2022,18:39:00,ruiz cortines,"25.7036573, -100.2866874",,,,
11/01/2022,21:40:00,ruiz cortines,"25.7046313, -100.340237",,,,
11/01/2022,1899-12-30 00:00:00,ruiz cortines,"25.7357506, -100.3783705",,,,
12/01/2022,17:48:00,ruiz cortines,"25.7456422, -100.3874536",,,,
12/01/2022,21:47:00,ruiz cortines,"25.7135909, -100.3625074",,,,
13/01/2022,20:13:00,ruiz cortines,"25.7230383, -100.3676411",,,,
14/01/2022,20:03:00,ruiz cortines,"25.7049989, -100.351666",,,,
16/01/2022,17:36:00,ruiz cortines,"25.7049989, -100.351666",,,,
17/01/2022,16:10:00,ruiz cortines,"25.7036573, -100.2866874",,,,
18/01/2022,19:34:00,ruiz cortines,"25.7101892, -100.355126",,,,
18/01/2022,19:44:00,ruiz cortines,"25.7028929, -100.32629",,,,
20/01/2022,17:10:00,ruiz cortines,"25.703588, -100.2828061",,,,
23/01/2022,22:57:00,ruiz cortines,"25.7046313, -100.340237",,,,
24/01/2022,13:22:00,ruiz cortines,"25.7045743, -100.3357289",,,,
30/01/2022,17:00:00,ruiz cortines,"25.7047054, -100.3451053",,,,
30/01/2022,19:02:00,ruiz cortines,"25.7040457, -100.3014531",,,,
31/01/2022,18:24:00,ruiz cortines,"25.7036573, -100.2866874",,,,
25/01/2022,18:24:00,ruperto de leon cavazos,"25.6349139, -100.3012752",,,,
08/01/2022,18:43:00,san jose,"25.7219211, -100.3645271",,,,
28/01/2022,18:28:00,san martin,"25.7390878, -100.3362378",,,,
20/01/2022,16:21:00,sayula,"25.6867538, -100.3465453",,,,
24/01/2022,10:51:00,serafin peña,"25.6747239, -100.3250928",,,,
15/01/2022,22:13:00,sevilla,"25.6456288, -100.2880809",,,,
16/01/2022,23:56:00,sevilla,"25.6456288, -100.2880809",,,,
19/01/2022,19:22:00,sierra alta,"25.5790678, -100.2607689",,,,
20/01/2022,16:50:00,sierra de ascotan,"25.7245677, -100.3583983",,,,
03/01/2022,20:57:00,simon bolivar,"25.6960632, -100.3434697",,,,
04/01/2022,17:23:00,simon bolivar,"25.6960632, -100.3434697",,,,
11/01/2022,16:08:00,simon bolivar,"25.6960632, -100.3434697",,,,
14/01/2022,19:26:00,simon bolivar,"25.6960632, -100.3434697",,,,
19/01/2022,19:31:00,simon bolivar,"25.684919, -100.3450076",,,,
27/01/2022,16:53:00,simon bolivar,"25.6960632, -100.3434697",,,,
03/01/2022,16:11:00,supremos poderes,"25.6230157, -100.2985274",,,,
29/01/2022,18:30:00,tapia,"25.6799427, -100.3167561",,,,
17/01/2022,16:56:00,tenochtitlan,"25.7406577, -100.3571966",,,,
04/01/2022,18:43:00,tepatitlan,"25.7147017, -100.3693284",,,,
07/01/2022,23:30:00,tlatelolco,"25.7446045, -100.3623133",,,,
11/01/2022,19:54:00,treviño,"25.6801472, -100.3021801",,,,
24/01/2022,12:55:00,treviño,"25.6801472, -100.3021801",,,,
28/01/2022,19:29:00,treviño,"25.6801472, -100.3021801",,,,
30/01/2022,16:17:00,uruguay,"25.6870622, -100.354243",,,,
30/01/2022,18:18:00,uruguay,"25.6870622, -100.354243",,,,
01/01/2022,22:23:00,venustiano carranza,"25.6782339, -100.3322151",,,,
03/01/2022,20:36:00,venustiano carranza,"25.6782339, -100.3322151",,,,
07/01/2022,16:11:00,venustiano carranza,"25.6748171, -100.3325842",,,,
07/01/2022,19:15:00,venustiano carranza,"25.6782339, -100.3322151",,,,
12/01/2022,20:15:00,venustiano carranza,"25.6782339, -100.3322151",,,,
16/01/2022,21:41:00,venustiano carranza,"25.7011737, -100.3302908",,,,
27/01/2022,16:11:00,venustiano carranza,"25.6782339, -100.3322151",,,,
28/01/2022,20:11:00,venustiano carranza,"25.6782339, -100.3322151",,,,
05/01/2022,17:40:00,villagran,"25.6796561, -100.3225579",,,,
24/01/2022,15:33:00,villagran,"25.6993766, -100.3216793",,,,
20/01/2022,20:04:00,zaragoza,"25.1890645, -99.8308149",,,,
22/01/2022,19:49:00,zaragoza,"25.1890645, -99.8308149",,,,
27/01/2022,19:45:00,zaragoza,"25.1890645, -99.8308149",,,,
03/01/2022,19:54:00,zempoala,"25.738684, -100.3580673",,,,
21/01/2022,17:59:00,zuazua,"25.6752282, -100.3083735",,,,
