time,elapsed time,best,best bound,gap %,status
1.8450214862823486,1.6159250736236572,-1e+100,7.587611111111095,100.0,2
time,elapsed time,best,best bound,gap %,status
1.8460185527801514,1.6159250736236572,6.805833333333307,7.587611111111095,11.486878086608902,2
time,elapsed time,best,best bound,gap %,status
1.8490121364593506,1.6159250736236572,6.865833333333307,6.865833333333307,0.0,2
n
e
w
time,elapsed time,best,best bound,gap %,status
1.7147471904754639,3.1060051918029785,-1e+100,7.477388888888874,100.0,2
time,elapsed time,best,best bound,gap %,status
1.7157447338104248,3.1060051918029785,6.785833333333309,7.477388888888874,10.191166236849826,2
time,elapsed time,best,best bound,gap %,status
1.7177386283874512,3.1060051918029785,6.845833333333308,6.845833333333308,0.0,2
n
e
w
time,elapsed time,best,best bound,gap %,status
1.7499322891235352,4.624212265014648,-1e+100,7.739666666666652,100.0,2
time,elapsed time,best,best bound,gap %,status
1.751173973083496,4.624212265014648,7.048111111111088,7.739666666666652,9.81192754559945,2
time,elapsed time,best,best bound,gap %,status
1.753169298171997,4.624212265014648,7.1081111111110875,7.1081111111110875,0.0,2
n
e
w
time,elapsed time,best,best bound,gap %,status
1.7530269622802734,6.142411947250366,-1e+100,7.477388888888874,100.0,2
time,elapsed time,best,best bound,gap %,status
1.7542872428894043,6.142411947250366,6.785833333333309,7.477388888888874,10.191166236849826,2
time,elapsed time,best,best bound,gap %,status
1.7562825679779053,6.142411947250366,6.845833333333308,6.845833333333308,0.0,2
n
e
w
time,elapsed time,best,best bound,gap %,status
1.812044382095337,7.720154523849487,-1e+100,7.587611111111095,100.0,2
time,elapsed time,best,best bound,gap %,status
1.8131012916564941,7.720154523849487,6.805833333333307,7.587611111111095,11.486878086608902,2
time,elapsed time,best,best bound,gap %,status
1.8161234855651855,7.720154523849487,6.865833333333307,6.865833333333307,0.0,2
n
e
w
time,elapsed time,best,best bound,gap %,status
1.7481412887573242,9.244510173797607,-1e+100,7.477388888888875,100.0,2
time,elapsed time,best,best bound,gap %,status
1.7491896152496338,9.244510173797607,6.7858333333333105,7.477388888888875,10.19116623684981,2
time,elapsed time,best,best bound,gap %,status
1.7521820068359375,9.244510173797607,6.84583333333331,6.84583333333331,0.0,2
n
e
w
time,elapsed time,best,best bound,gap %,status
1.7584638595581055,10.79345965385437,-1e+100,7.338944444444418,100.0,2
time,elapsed time,best,best bound,gap %,status
1.7596774101257324,10.79345965385437,6.647388888888853,7.338944444444418,10.403416546179571,2
time,elapsed time,best,best bound,gap %,status
1.761732816696167,10.79345965385437,6.707388888888852,6.707388888888852,0.0,2
n
e
w
time,elapsed time,best,best bound,gap %,status
1.7634663581848145,12.33022665977478,-1e+100,8.062166666666656,100.0,2
time,elapsed time,best,best bound,gap %,status
1.7646520137786865,12.33022665977478,7.280388888888867,8.062166666666656,10.73813212053709,2
time,elapsed time,best,best bound,gap %,status
1.7666478157043457,12.33022665977478,7.340388888888866,7.340388888888866,0.0,2
n
e
w
time,elapsed time,best,best bound,gap %,status
1.765995979309082,13.859614849090576,-1e+100,7.477388888888874,100.0,2
time,elapsed time,best,best bound,gap %,status
1.7669928073883057,13.859614849090576,6.785833333333309,7.477388888888874,10.191166236849826,2
time,elapsed time,best,best bound,gap %,status
1.769132137298584,13.859614849090576,6.845833333333308,6.845833333333308,0.0,2
n
e
w
time,elapsed time,best,best bound,gap %,status
1.7345232963562012,15.36228346824646,-1e+100,7.739666666666652,100.0,2
time,elapsed time,best,best bound,gap %,status
1.7365405559539795,15.36228346824646,7.048111111111088,7.739666666666652,9.81192754559945,2
time,elapsed time,best,best bound,gap %,status
1.7396676540374756,15.36228346824646,7.1081111111110875,7.1081111111110875,0.0,2
n
e
w
time,elapsed time,best,best bound,gap %,status
1.7715320587158203,16.87994909286499,-1e+100,7.587611111111095,100.0,2
time,elapsed time,best,best bound,gap %,status
1.7735261917114258,16.87994909286499,6.805833333333307,7.587611111111095,11.486878086608902,2
time,elapsed time,best,best bound,gap %,status
1.7765438556671143,16.87994909286499,6.865833333333307,6.865833333333307,0.0,2
n
e
w
time,elapsed time,best,best bound,gap %,status
1.7590930461883545,18.42881464958191,-1e+100,7.477388888888875,100.0,2
time,elapsed time,best,best bound,gap %,status
1.7611117362976074,18.42881464958191,6.7858333333333105,7.477388888888875,10.19116623684981,2
time,elapsed time,best,best bound,gap %,status
1.7631065845489502,18.42881464958191,6.84583333333331,6.84583333333331,0.0,2
n
e
w
time,elapsed time,best,best bound,gap %,status
1.7165131568908691,19.925429582595825,-1e+100,7.338944444444418,100.0,2
time,elapsed time,best,best bound,gap %,status
1.7185077667236328,19.925429582595825,6.647388888888853,7.338944444444418,10.403416546179571,2
time,elapsed time,best,best bound,gap %,status
1.7205028533935547,19.925429582595825,6.707388888888852,6.707388888888852,0.0,2
n
e
w
time,elapsed time,best,best bound,gap %,status
1.789583683013916,21.48688316345215,-1e+100,7.477388888888874,100.0,2
time,elapsed time,best,best bound,gap %,status
1.7905805110931396,21.48688316345215,6.785833333333309,7.477388888888874,10.191166236849826,2
time,elapsed time,best,best bound,gap %,status
1.7925772666931152,21.48688316345215,6.845833333333308,6.845833333333308,0.0,2
n
e
w
time,elapsed time,best,best bound,gap %,status
2.457587957382202,23.70558190345764,-1e+100,7.521999999999985,100.0,2
time,elapsed time,best,best bound,gap %,status
2.458655834197998,23.70558190345764,6.83044444444442,7.521999999999985,10.124605524286869,2
time,elapsed time,best,best bound,gap %,status
2.461679458618164,23.70558190345764,6.8904444444444195,6.8904444444444195,0.0,2
n
e
w
time,elapsed time,best,best bound,gap %,status
1.7730484008789062,25.274244785308838,-1e+100,7.567611111111098,100.0,2
time,elapsed time,best,best bound,gap %,status
1.7740459442138672,25.274244785308838,6.7858333333333105,7.567611111111098,11.520733554382275,2
time,elapsed time,best,best bound,gap %,status
1.7763311862945557,25.274244785308838,6.84583333333331,6.84583333333331,0.0,2
n
e
w
time,elapsed time,best,best bound,gap %,status
1.7809112071990967,26.825111627578735,-1e+100,7.660444444444431,100.0,2
time,elapsed time,best,best bound,gap %,status
1.7831225395202637,26.825111627578735,6.968888888888865,7.660444444444431,9.923469387755276,2
time,elapsed time,best,best bound,gap %,status
1.7842700481414795,26.825111627578735,7.028888888888865,7.028888888888865,0.0,2
n
e
w
time,elapsed time,best,best bound,gap %,status
1.7619013786315918,28.35811758041382,-1e+100,7.487388888888875,100.0,2
time,elapsed time,best,best bound,gap %,status
1.7619013786315918,28.35811758041382,6.795833333333309,7.487388888888875,10.176170038831161,2
time,elapsed time,best,best bound,gap %,status
1.7649788856506348,28.35811758041382,6.855833333333309,6.855833333333309,0.0,2
n
e
w
time,elapsed time,best,best bound,gap %,status
1.7399156093597412,29.84133291244507,-1e+100,7.7988888888888726,100.0,2
time,elapsed time,best,best bound,gap %,status
1.7409141063690186,29.84133291244507,7.107333333333307,7.7988888888888726,9.730169152362365,2
time,elapsed time,best,best bound,gap %,status
1.743905782699585,29.84133291244507,7.167333333333307,7.167333333333307,0.0,2
n
e
w
time,elapsed time,best,best bound,gap %,status
1.7534899711608887,31.36892008781433,-1e+100,7.546611111111096,100.0,2
time,elapsed time,best,best bound,gap %,status
1.7554855346679688,31.36892008781433,6.855055555555531,7.546611111111096,10.088256031639439,2
time,elapsed time,best,best bound,gap %,status
1.757723331451416,31.36892008781433,6.91505555555553,6.91505555555553,0.0,2
n
e
w
time,elapsed time,best,best bound,gap %,status
1.7810289859771729,32.90924382209778,-1e+100,7.96194444444443,100.0,2
time,elapsed time,best,best bound,gap %,status
1.7821118831634521,32.90924382209778,7.270388888888864,7.96194444444443,9.511947244148805,2
time,elapsed time,best,best bound,gap %,status
1.7841510772705078,32.90924382209778,7.330388888888864,7.330388888888864,0.0,2
n
e
w
time,elapsed time,best,best bound,gap %,status
1.7420685291290283,34.445093870162964,-1e+100,7.660444444444426,100.0,2
time,elapsed time,best,best bound,gap %,status
1.7430663108825684,34.445093870162964,6.968888888888861,7.660444444444426,9.923469387755281,2
time,elapsed time,best,best bound,gap %,status
1.7454760074615479,34.445093870162964,7.0288888888888605,7.0288888888888605,0.0,2
n
e
w
time,elapsed time,best,best bound,gap %,status
1.7554945945739746,35.97309470176697,-1e+100,7.591222222222208,100.0,2
time,elapsed time,best,best bound,gap %,status
1.757505178451538,35.97309470176697,6.899666666666643,7.591222222222208,10.02302848768879,2
time,elapsed time,best,best bound,gap %,status
1.7595853805541992,35.97309470176697,6.959666666666642,6.959666666666642,0.0,2
n
e
w
time,elapsed time,best,best bound,gap %,status
1.7313284873962402,37.49334239959717,-1e+100,7.650444444444429,100.0,2
time,elapsed time,best,best bound,gap %,status
1.7333228588104248,37.49334239959717,6.958888888888864,7.650444444444429,9.937729522593182,2
time,elapsed time,best,best bound,gap %,status
1.7354521751403809,37.49334239959717,7.018888888888863,7.018888888888863,0.0,2
n
e
w
time,elapsed time,best,best bound,gap %,status
1.8379111289978027,39.094900369644165,-1e+100,7.889111111111098,100.0,2
time,elapsed time,best,best bound,gap %,status
1.838909387588501,39.094900369644165,7.107333333333309,7.889111111111098,10.999593534065164,2
time,elapsed time,best,best bound,gap %,status
1.842104196548462,39.094900369644165,7.167333333333309,7.167333333333309,0.0,2
n
e
w
time,elapsed time,best,best bound,gap %,status
1.7546885013580322,40.62338066101074,-1e+100,8.017555555555543,100.0,2
time,elapsed time,best,best bound,gap %,status
1.7556877136230469,40.62338066101074,7.235777777777754,8.017555555555543,10.80433647615264,2
time,elapsed time,best,best bound,gap %,status
1.7576992511749268,40.62338066101074,7.2957777777777535,7.2957777777777535,0.0,2
n
e
w
time,elapsed time,best,best bound,gap %,status
1.7517657279968262,42.15850305557251,-1e+100,7.996555555555541,100.0,2
time,elapsed time,best,best bound,gap %,status
1.7528338432312012,42.15850305557251,7.304999999999976,7.996555555555541,9.46687961061694,2
time,elapsed time,best,best bound,gap %,status
1.7558393478393555,42.15850305557251,7.364999999999975,7.364999999999975,0.0,2
n
e
w
time,elapsed time,best,best bound,gap %,status
1.7997620105743408,43.74244570732117,-1e+100,7.878111111111095,100.0,2
time,elapsed time,best,best bound,gap %,status
1.8007595539093018,43.74244570732117,7.18655555555553,7.878111111111095,9.622906971350995,2
time,elapsed time,best,best bound,gap %,status
1.803060531616211,43.74244570732117,7.246555555555529,7.246555555555529,0.0,2
n
e
w
time,elapsed time,best,best bound,gap %,status
1.7770047187805176,45.275542974472046,-1e+100,8.318833333333314,100.0,2
time,elapsed time,best,best bound,gap %,status
1.7789995670318604,45.275542974472046,7.627277777777749,8.318833333333314,9.06687255537524,2
time,elapsed time,best,best bound,gap %,status
1.780993938446045,45.275542974472046,7.687277777777749,7.687277777777749,0.0,2
n
e
w
time,elapsed time,best,best bound,gap %,status
1.7718708515167236,46.832239627838135,-1e+100,7.878111111111095,100.0,2
time,elapsed time,best,best bound,gap %,status
1.7728681564331055,46.832239627838135,7.18655555555553,7.878111111111095,9.622906971350995,2
time,elapsed time,best,best bound,gap %,status
1.7748637199401855,46.832239627838135,7.246555555555529,7.246555555555529,0.0,2
n
e
w
time,elapsed time,best,best bound,gap %,status
1.7384121417999268,48.343536615371704,-1e+100,8.161388888888876,100.0,2
time,elapsed time,best,best bound,gap %,status
1.7394120693206787,48.343536615371704,7.344999999999977,8.161388888888876,11.114892973300229,2
time,elapsed time,best,best bound,gap %,status
1.741879940032959,48.343536615371704,7.404999999999977,7.404999999999977,0.0,2
n
e
w
time,elapsed time,best,best bound,gap %,status
1.7115514278411865,49.84855246543884,-1e+100,7.996555555555541,100.0,2
time,elapsed time,best,best bound,gap %,status
1.713545560836792,49.84855246543884,7.304999999999976,7.996555555555541,9.46687961061694,2
time,elapsed time,best,best bound,gap %,status
1.714545488357544,49.84855246543884,7.364999999999975,7.364999999999975,0.0,2
n
e
w
time,elapsed time,best,best bound,gap %,status
1.7672467231750488,51.39012932777405,-1e+100,7.858111111111086,100.0,2
time,elapsed time,best,best bound,gap %,status
1.769242525100708,51.39012932777405,7.1665555555555205,7.858111111111086,9.64976201181432,2
time,elapsed time,best,best bound,gap %,status
1.7718687057495117,51.39012932777405,7.22655555555552,7.22655555555552,0.0,2
n
e
w
time,elapsed time,best,best bound,gap %,status
1.7313807010650635,52.898009300231934,-1e+100,8.335055555555533,100.0,2
time,elapsed time,best,best bound,gap %,status
1.7323789596557617,52.898009300231934,7.8395555555555285,8.335055555555533,6.320511366857608,2
time,elapsed time,best,best bound,gap %,status
1.7354848384857178,52.898009300231934,7.8395555555555285,7.92599907019988,1.102658359032773,2
n
e
w
time,elapsed time,best,best bound,gap %,status
2.235170602798462,54.90258169174194,-1e+100,7.878111111111095,100.0,2
time,elapsed time,best,best bound,gap %,status
2.236168146133423,54.90258169174194,7.18655555555553,7.878111111111095,9.622906971350995,2
time,elapsed time,best,best bound,gap %,status
2.2373294830322266,54.90258169174194,7.246555555555529,7.246555555555529,0.0,2
n
e
w
time,elapsed time,best,best bound,gap %,status
1.7122442722320557,56.37543344497681,-1e+100,8.318833333333314,100.0,2
time,elapsed time,best,best bound,gap %,status
1.7142384052276611,56.37543344497681,7.627277777777749,8.318833333333314,9.06687255537524,2
time,elapsed time,best,best bound,gap %,status
1.7165393829345703,56.37543344497681,7.687277777777749,7.687277777777749,0.0,2
n
e
w
time,elapsed time,best,best bound,gap %,status
1.7500312328338623,57.909674644470215,-1e+100,8.161388888888876,100.0,2
time,elapsed time,best,best bound,gap %,status
1.752063512802124,57.909674644470215,7.344999999999977,8.161388888888876,11.114892973300229,2
time,elapsed time,best,best bound,gap %,status
1.7536516189575195,57.909674644470215,7.404999999999977,7.404999999999977,0.0,2
n
e
w
time,elapsed time,best,best bound,gap %,status
1.7592425346374512,59.45254158973694,-1e+100,7.996555555555541,100.0,2
time,elapsed time,best,best bound,gap %,status
1.7602410316467285,59.45254158973694,7.304999999999976,7.996555555555541,9.46687961061694,2
time,elapsed time,best,best bound,gap %,status
1.763284683227539,59.45254158973694,7.364999999999975,7.364999999999975,0.0,2
n
e
w
time,elapsed time,best,best bound,gap %,status
1.7601704597473145,60.994922399520874,-1e+100,7.858111111111086,100.0,2
time,elapsed time,best,best bound,gap %,status
1.7611684799194336,60.994922399520874,7.1665555555555205,7.858111111111086,9.64976201181432,2
time,elapsed time,best,best bound,gap %,status
1.764185905456543,60.994922399520874,7.22655555555552,7.22655555555552,0.0,2
n
e
w
time,elapsed time,best,best bound,gap %,status
1.7320737838745117,62.514063119888306,-1e+100,7.898111111111092,100.0,2
time,elapsed time,best,best bound,gap %,status
1.7330718040466309,62.514063119888306,7.206555555555527,7.898111111111092,9.596200989839671,2
time,elapsed time,best,best bound,gap %,status
1.7360634803771973,62.514063119888306,7.266555555555526,7.266555555555526,0.0,2
n
e
w
time,elapsed time,best,best bound,gap %,status
1.7064390182495117,63.99721670150757,-1e+100,7.996555555555541,100.0,2
time,elapsed time,best,best bound,gap %,status
1.7079133987426758,63.99721670150757,7.304999999999976,7.996555555555541,9.46687961061694,2
time,elapsed time,best,best bound,gap %,status
1.710200548171997,63.99721670150757,7.364999999999975,7.364999999999975,0.0,2
n
e
w
time,elapsed time,best,best bound,gap %,status
1.7535326480865479,65.51925420761108,-1e+100,8.061166666666649,100.0,2
time,elapsed time,best,best bound,gap %,status
1.7547216415405273,65.51925420761108,7.369611111111084,8.061166666666649,9.383881254099206,2
time,elapsed time,best,best bound,gap %,status
1.756751298904419,65.51925420761108,7.429611111111083,7.429611111111083,0.0,2
n
e
w
time,elapsed time,best,best bound,gap %,status
1.7525248527526855,67.04673457145691,-1e+100,8.221388888888873,100.0,2
time,elapsed time,best,best bound,gap %,status
1.7535219192504883,67.04673457145691,7.424999999999972,8.221388888888873,10.725776281332035,2
time,elapsed time,best,best bound,gap %,status
1.7557885646820068,67.04673457145691,7.464999999999972,7.464999999999972,0.0,2
n
e
w
time,elapsed time,best,best bound,gap %,status
1.7603280544281006,68.56993103027344,-1e+100,8.398055555555537,100.0,2
time,elapsed time,best,best bound,gap %,status
1.7623984813690186,68.56993103027344,7.706499999999973,8.398055555555537,8.973665808805123,2
time,elapsed time,best,best bound,gap %,status
1.76442551612854,68.56993103027344,7.766499999999972,7.766499999999972,0.0,2
n
e
w
time,elapsed time,best,best bound,gap %,status
1.7344985008239746,70.09202075004578,-1e+100,8.027111111111092,100.0,2
time,elapsed time,best,best bound,gap %,status
1.7364931106567383,70.09202075004578,7.4934444444444175,8.027111111111092,7.121780519268818,2
time,elapsed time,best,best bound,gap %,status
1.7386524677276611,70.09202075004578,7.553444444444418,7.553444444444418,0.0,2
n
e
w
time,elapsed time,best,best bound,gap %,status
1.7544140815734863,71.62348961830139,-1e+100,8.21961111111109,100.0,2
time,elapsed time,best,best bound,gap %,status
1.7544140815734863,71.62348961830139,7.528055555555526,8.21961111111109,9.186376886461908,2
time,elapsed time,best,best bound,gap %,status
1.7576637268066406,71.62348961830139,7.588055555555526,7.588055555555526,0.0,2
n
e
w
time,elapsed time,best,best bound,gap %,status
1.7795109748840332,73.19816470146179,-1e+100,8.085777777777759,100.0,2
time,elapsed time,best,best bound,gap %,status
1.7805085182189941,73.19816470146179,7.3942222222221945,8.085777777777759,9.352647712929167,2
time,elapsed time,best,best bound,gap %,status
1.7825021743774414,73.19816470146179,7.454222222222194,7.454222222222194,0.0,2
n
e
w
time,elapsed time,best,best bound,gap %,status
1.7469639778137207,74.72218561172485,-1e+100,7.944166666666642,100.0,2
time,elapsed time,best,best bound,gap %,status
1.7479605674743652,74.72218561172485,7.88955555555553,7.944166666666642,0.6921950257724814,2
time,elapsed time,best,best bound,gap %,status
1.7500381469726562,74.72218561172485,7.909555555555531,7.909555555555531,0.0,2
n
e
w
time,elapsed time,best,best bound,gap %,status
1.793128490447998,76.30672478675842,-1e+100,8.21961111111109,100.0,2
time,elapsed time,best,best bound,gap %,status
1.7941255569458008,76.30672478675842,7.528055555555527,8.21961111111109,9.186376886461895,2
time,elapsed time,best,best bound,gap %,status
1.7961714267730713,76.30672478675842,7.588055555555527,7.588055555555527,0.0,2
n
e
w
time,elapsed time,best,best bound,gap %,status
1.7988238334655762,77.8877489566803,-1e+100,8.150388888888871,100.0,2
time,elapsed time,best,best bound,gap %,status
1.7999348640441895,77.8877489566803,7.458833333333306,8.150388888888871,9.27163169694413,2
time,elapsed time,best,best bound,gap %,status
1.8031909465789795,77.8877489566803,7.518833333333306,7.518833333333306,0.0,2
n
e
w
time,elapsed time,best,best bound,gap %,status
1.702092170715332,79.37220859527588,-1e+100,8.091166666666645,100.0,2
time,elapsed time,best,best bound,gap %,status
1.7032380104064941,79.37220859527588,7.39961111111108,8.091166666666645,9.345836492908957,2
time,elapsed time,best,best bound,gap %,status
1.7058136463165283,79.37220859527588,7.459611111111079,7.459611111111079,0.0,2
n
e
w
time,elapsed time,best,best bound,gap %,status
1.7603895664215088,80.92048788070679,-1e+100,8.245999999999984,100.0,2
time,elapsed time,best,best bound,gap %,status
1.7613866329193115,80.92048788070679,7.429611111111084,8.245999999999984,10.988312533181979,2
time,elapsed time,best,best bound,gap %,status
1.7644364833831787,80.92048788070679,7.489611111111084,7.489611111111084,0.0,2
n
e
w
time,elapsed time,best,best bound,gap %,status
1.7685389518737793,82.459627866745,-1e+100,8.394444444444426,100.0,2
time,elapsed time,best,best bound,gap %,status
1.7695374488830566,82.459627866745,7.578055555555526,8.394444444444426,10.773065503464139,2
time,elapsed time,best,best bound,gap %,status
1.771533727645874,82.459627866745,7.638055555555526,7.638055555555526,0.0,2
n
e
w
time,elapsed time,best,best bound,gap %,status
1.7286336421966553,83.96980404853821,-1e+100,7.689722222222194,100.0,2
time,elapsed time,best,best bound,gap %,status
1.7298390865325928,83.96980404853821,7.618055555555528,7.689722222222194,0.9407474931631712,2
time,elapsed time,best,best bound,gap %,status
1.7318365573883057,83.96980404853821,7.618055555555528,7.628888888888862,0.14220601640839758,2
time,elapsed time,best,best bound,gap %,status
1.7379071712493896,83.96980404853821,7.618055555555528,7.628888888888862,0.14220601640839758,2
time,elapsed time,best,best bound,gap %,status
1.7379071712493896,83.96980404853821,7.618055555555528,7.622222222222195,0.05469462169554202,2
n
e
w
time,elapsed time,best,best bound,gap %,status
1.7454655170440674,85.48651933670044,-1e+100,8.318833333333313,100.0,2
time,elapsed time,best,best bound,gap %,status
1.746462345123291,85.48651933670044,7.627277777777748,8.318833333333313,9.06687255537523,2
time,elapsed time,best,best bound,gap %,status
1.7484750747680664,85.48651933670044,7.687277777777748,7.687277777777748,0.0,2
n
e
w
time,elapsed time,best,best bound,gap %,status
1.7442071437835693,87.00901317596436,-1e+100,7.28116666666664,100.0,2
time,elapsed time,best,best bound,gap %,status
1.7452049255371094,87.00901317596436,7.206555555555529,7.28116666666664,1.0353227771010918,2
time,elapsed time,best,best bound,gap %,status
1.7467832565307617,87.00901317596436,7.246555555555529,7.246555555555529,0.0,2
n
e
w
time,elapsed time,best,best bound,gap %,status
1.7629148960113525,88.5518364906311,-1e+100,8.140388888888868,100.0,2
time,elapsed time,best,best bound,gap %,status
1.763911485671997,88.5518364906311,7.448833333333303,8.140388888888868,9.284078789370614,2
time,elapsed time,best,best bound,gap %,status
1.7659401893615723,88.5518364906311,7.508833333333302,7.508833333333302,0.0,2
n
e
w
time,elapsed time,best,best bound,gap %,status
1.757070779800415,90.08290433883667,-1e+100,8.606277777777752,100.0,2
time,elapsed time,best,best bound,gap %,status
1.7582473754882812,90.08290433883667,8.072611111111078,8.606277777777752,6.610830861555309,2
time,elapsed time,best,best bound,gap %,status
1.7612395286560059,90.08290433883667,8.132611111111078,8.132611111111078,0.0,2
n
e
w
time,elapsed time,best,best bound,gap %,status
1.7282648086547852,91.59540677070618,-1e+100,8.403222222222201,100.0,2
time,elapsed time,best,best bound,gap %,status
1.7292637825012207,91.59540677070618,7.869555555555528,8.403222222222201,6.781407957529827,2
time,elapsed time,best,best bound,gap %,status
1.7312581539154053,91.59540677070618,7.9295555555555275,7.9295555555555275,0.0,2
n
e
w
time,elapsed time,best,best bound,gap %,status
1.741544485092163,93.11990237236023,-1e+100,8.15966666666664,100.0,2
time,elapsed time,best,best bound,gap %,status
1.742572546005249,93.11990237236023,8.033388888888862,8.15966666666664,1.5719116741931345,2
time,elapsed time,best,best bound,gap %,status
1.744537591934204,93.11990237236023,8.033388888888862,8.064222222222195,0.38381477306519923,2
time,elapsed time,best,best bound,gap %,status
1.7526535987854004,93.11990237236023,8.053388888888861,8.064222222222195,0.13451893957686217,2
time,elapsed time,best,best bound,gap %,status
1.7536876201629639,93.11990237236023,8.053388888888861,8.057555555555528,0.05173805368340174,2
time,elapsed time,best,best bound,gap %,status
1.7541141510009766,93.11990237236023,8.053388888888861,8.057555555555528,0.05173805368340174,2
time,elapsed time,best,best bound,gap %,status
1.7541141510009766,93.11990237236023,8.053388888888861,8.057555555555528,0.05173805368340174,2
n
e
w
time,elapsed time,best,best bound,gap %,status
1.691375970840454,94.60962224006653,-1e+100,8.629333333333303,100.0,2
time,elapsed time,best,best bound,gap %,status
1.6923766136169434,94.60962224006653,8.007999999999964,8.629333333333303,7.7589077589078705,2
time,elapsed time,best,best bound,gap %,status
1.695418357849121,94.60962224006653,8.087999999999964,8.087999999999964,0.0,2
n
e
w
time,elapsed time,best,best bound,gap %,status
1.7931029796600342,96.14389371871948,-1e+100,8.521666666666645,100.0,2
time,elapsed time,best,best bound,gap %,status
1.7940995693206787,96.14389371871948,7.967999999999972,8.521666666666645,6.9486278447122825,2
time,elapsed time,best,best bound,gap %,status
1.7974648475646973,96.14389371871948,8.047999999999972,8.047999999999972,0.0,2
n
e
w
time,elapsed time,best,best bound,gap %,status
1.7709484100341797,97.69865870475769,-1e+100,8.383222222222194,100.0,2
time,elapsed time,best,best bound,gap %,status
1.771946668624878,97.69865870475769,7.849555555555521,8.383222222222194,6.7986864082893295,2
time,elapsed time,best,best bound,gap %,status
1.774367094039917,97.69865870475769,7.909555555555521,7.909555555555521,0.0,2
n
e
w
time,elapsed time,best,best bound,gap %,status
1.9287476539611816,99.40319633483887,-1e+100,8.775777777777748,100.0,2
time,elapsed time,best,best bound,gap %,status
1.9297466278076172,99.40319633483887,8.314888888888854,8.775777777777748,5.542935029532113,2
time,elapsed time,best,best bound,gap %,status
1.9327373504638672,99.40319633483887,8.414888888888854,8.414888888888854,0.0,2
n
e
w
time,elapsed time,best,best bound,gap %,status
3.359715223312378,102.42227172851562,-1e+100,8.403222222222201,100.0,2
time,elapsed time,best,best bound,gap %,status
3.359715223312378,102.42227172851562,7.869555555555528,8.403222222222201,6.781407957529827,2
time,elapsed time,best,best bound,gap %,status
3.359715223312378,102.42227172851562,7.9295555555555275,7.9295555555555275,0.0,2
n
e
w
time,elapsed time,best,best bound,gap %,status
3.395979404449463,105.44047451019287,-1e+100,8.15966666666664,100.0,2
time,elapsed time,best,best bound,gap %,status
3.39697527885437,105.44047451019287,8.033388888888862,8.15966666666664,1.5719116741931345,2
time,elapsed time,best,best bound,gap %,status
3.39697527885437,105.44047451019287,8.033388888888862,8.064222222222195,0.38381477306519923,2
time,elapsed time,best,best bound,gap %,status
3.4172818660736084,105.44047451019287,8.053388888888861,8.064222222222195,0.13451893957686217,2
time,elapsed time,best,best bound,gap %,status
3.4182791709899902,105.44047451019287,8.053388888888861,8.057555555555528,0.05173805368340174,2
time,elapsed time,best,best bound,gap %,status
3.4182791709899902,105.44047451019287,8.053388888888861,8.057555555555528,0.05173805368340174,2
time,elapsed time,best,best bound,gap %,status
3.4182791709899902,105.44047451019287,8.053388888888861,8.057555555555528,0.05173805368340174,2
n
e
w
time,elapsed time,best,best bound,gap %,status
3.2173891067504883,108.36404061317444,-1e+100,8.629333333333303,100.0,2
time,elapsed time,best,best bound,gap %,status
3.2173891067504883,108.36404061317444,8.007999999999964,8.629333333333303,7.7589077589078705,2
time,elapsed time,best,best bound,gap %,status
3.23008131980896,108.36404061317444,8.087999999999964,8.087999999999964,0.0,2
n
e
w
time,elapsed time,best,best bound,gap %,status
3.611638307571411,111.53725123405457,-1e+100,8.521666666666645,100.0,2
time,elapsed time,best,best bound,gap %,status
3.619166374206543,111.53725123405457,7.967999999999972,8.521666666666645,6.9486278447122825,2
time,elapsed time,best,best bound,gap %,status
3.622727155685425,111.53725123405457,8.047999999999972,8.047999999999972,0.0,2
n
e
w
time,elapsed time,best,best bound,gap %,status
3.051023006439209,114.31595635414124,-1e+100,8.383222222222194,100.0,2
time,elapsed time,best,best bound,gap %,status
3.059835433959961,114.31595635414124,7.849555555555521,8.383222222222194,6.7986864082893295,2
time,elapsed time,best,best bound,gap %,status
3.063347101211548,114.31595635414124,7.909555555555521,7.909555555555521,0.0,2
n
e
w
time,elapsed time,best,best bound,gap %,status
3.0832455158233643,117.04432940483093,-1e+100,8.423222222222197,100.0,2
time,elapsed time,best,best bound,gap %,status
3.085237741470337,117.04432940483093,7.889555555555524,8.423222222222197,6.764217108413482,2
time,elapsed time,best,best bound,gap %,status
3.085237741470337,117.04432940483093,7.9495555555555235,7.9495555555555235,0.0,2
n
e
w
time,elapsed time,best,best bound,gap %,status
2.9294188022613525,119.61618065834045,-1e+100,8.521666666666647,100.0,2
time,elapsed time,best,best bound,gap %,status
2.9327681064605713,119.61618065834045,7.987999999999973,8.521666666666647,6.680854615256333,2
time,elapsed time,best,best bound,gap %,status
2.9347636699676514,119.61618065834045,8.047999999999973,8.047999999999973,0.0,2
n
e
w
time,elapsed time,best,best bound,gap %,status
3.1105146408081055,122.3598747253418,-1e+100,8.606277777777752,100.0,2
time,elapsed time,best,best bound,gap %,status
3.1125097274780273,122.3598747253418,8.072611111111078,8.606277777777752,6.610830861555309,2
time,elapsed time,best,best bound,gap %,status
3.1135082244873047,122.3598747253418,8.132611111111078,8.132611111111078,0.0,2
n
e
w
time,elapsed time,best,best bound,gap %,status
3.1629953384399414,125.17361783981323,-1e+100,8.586277777777756,100.0,2
time,elapsed time,best,best bound,gap %,status
3.1639912128448486,125.17361783981323,8.032611111111082,8.586277777777756,6.892735861453769,2
time,elapsed time,best,best bound,gap %,status
3.1639912128448486,125.17361783981323,8.112611111111082,8.112611111111082,0.0,2
n
e
w
time,elapsed time,best,best bound,gap %,status
3.0836596488952637,127.92843580245972,-1e+100,8.68933333333331,100.0,2
time,elapsed time,best,best bound,gap %,status
3.0836596488952637,127.92843580245972,8.06799999999997,8.68933333333331,7.7012064121634065,2
time,elapsed time,best,best bound,gap %,status
3.0836596488952637,127.92843580245972,8.14799999999997,8.14799999999997,0.0,2
n
e
w
time,elapsed time,best,best bound,gap %,status
3.4335007667541504,131.0251522064209,-1e+100,8.484111111111078,100.0,2
time,elapsed time,best,best bound,gap %,status
3.4469635486602783,131.0251522064209,8.389499999999968,8.484111111111078,1.1277324168437983,2
time,elapsed time,best,best bound,gap %,status
3.4489588737487793,131.0251522064209,8.449499999999967,8.449499999999967,0.0,2
n
e
w
time,elapsed time,best,best bound,gap %,status
3.0219128131866455,133.66289258003235,-1e+100,8.403222222222201,100.0,2
time,elapsed time,best,best bound,gap %,status
3.0219128131866455,133.66289258003235,7.869555555555528,8.403222222222201,6.781407957529827,2
time,elapsed time,best,best bound,gap %,status
3.0373141765594482,133.66289258003235,7.9295555555555275,7.9295555555555275,0.0,2
n
e
w
time,elapsed time,best,best bound,gap %,status
2.8022878170013428,136.12937140464783,-1e+100,8.15966666666664,100.0,2
time,elapsed time,best,best bound,gap %,status
2.8022878170013428,136.12937140464783,8.033388888888862,8.15966666666664,1.5719116741931345,2
time,elapsed time,best,best bound,gap %,status
2.8022878170013428,136.12937140464783,8.033388888888862,8.064222222222195,0.38381477306519923,2
time,elapsed time,best,best bound,gap %,status
2.8143563270568848,136.12937140464783,8.053388888888861,8.064222222222195,0.13451893957686217,2
time,elapsed time,best,best bound,gap %,status
2.8143563270568848,136.12937140464783,8.053388888888861,8.057555555555528,0.05173805368340174,2
time,elapsed time,best,best bound,gap %,status
2.8143563270568848,136.12937140464783,8.053388888888861,8.057555555555528,0.05173805368340174,2
time,elapsed time,best,best bound,gap %,status
2.8143563270568848,136.12937140464783,8.053388888888861,8.057555555555528,0.05173805368340174,2
n
e
w
time,elapsed time,best,best bound,gap %,status
2.851846933364868,138.64733958244324,-1e+100,8.629333333333303,100.0,2
time,elapsed time,best,best bound,gap %,status
2.851846933364868,138.64733958244324,8.007999999999964,8.629333333333303,7.7589077589078705,2
time,elapsed time,best,best bound,gap %,status
2.851846933364868,138.64733958244324,8.087999999999964,8.087999999999964,0.0,2
n
e
w
time,elapsed time,best,best bound,gap %,status
2.8203346729278564,141.1405827999115,-1e+100,8.521666666666645,100.0,2
time,elapsed time,best,best bound,gap %,status
2.8203346729278564,141.1405827999115,7.967999999999972,8.521666666666645,6.9486278447122825,2
time,elapsed time,best,best bound,gap %,status
2.8203346729278564,141.1405827999115,8.047999999999972,8.047999999999972,0.0,2
n
e
w
time,elapsed time,best,best bound,gap %,status
2.888213634490967,143.71240973472595,-1e+100,8.383222222222194,100.0,2
time,elapsed time,best,best bound,gap %,status
2.888213634490967,143.71240973472595,7.849555555555521,8.383222222222194,6.7986864082893295,2
time,elapsed time,best,best bound,gap %,status
2.903409957885742,143.71240973472595,7.909555555555521,7.909555555555521,0.0,2
n
e
w
time,elapsed time,best,best bound,gap %,status
2.740708351135254,146.11678314208984,-1e+100,8.775777777777748,100.0,2
time,elapsed time,best,best bound,gap %,status
2.740708351135254,146.11678314208984,8.314888888888854,8.775777777777748,5.542935029532113,2
time,elapsed time,best,best bound,gap %,status
2.740708351135254,146.11678314208984,8.414888888888854,8.414888888888854,0.0,2
n
e
w
time,elapsed time,best,best bound,gap %,status
2.786266565322876,148.5547354221344,-1e+100,8.423222222222197,100.0,2
time,elapsed time,best,best bound,gap %,status
2.786266565322876,148.5547354221344,7.889555555555524,8.423222222222197,6.764217108413482,2
time,elapsed time,best,best bound,gap %,status
2.786266565322876,148.5547354221344,7.9495555555555235,7.9495555555555235,0.0,2
n
e
w
time,elapsed time,best,best bound,gap %,status
2.9393491744995117,151.1896357536316,-1e+100,8.521666666666647,100.0,2
time,elapsed time,best,best bound,gap %,status
2.9552230834960938,151.1896357536316,7.987999999999973,8.521666666666647,6.680854615256333,2
time,elapsed time,best,best bound,gap %,status
2.956223249435425,151.1896357536316,8.047999999999973,8.047999999999973,0.0,2
n
e
w
time,elapsed time,best,best bound,gap %,status
2.8198540210723877,153.64466547966003,-1e+100,8.606277777777752,100.0,2
time,elapsed time,best,best bound,gap %,status
2.8198540210723877,153.64466547966003,8.072611111111078,8.606277777777752,6.610830861555309,2
time,elapsed time,best,best bound,gap %,status
2.8198540210723877,153.64466547966003,8.132611111111078,8.132611111111078,0.0,2
n
e
w
time,elapsed time,best,best bound,gap %,status
2.790717363357544,156.1188349723816,-1e+100,8.586277777777756,100.0,2
time,elapsed time,best,best bound,gap %,status
2.790717363357544,156.1188349723816,8.032611111111082,8.586277777777756,6.892735861453769,2
time,elapsed time,best,best bound,gap %,status
2.803236484527588,156.1188349723816,8.112611111111082,8.112611111111082,0.0,2
n
e
w
time,elapsed time,best,best bound,gap %,status
2.7639825344085693,158.5547297000885,-1e+100,8.68933333333331,100.0,2
time,elapsed time,best,best bound,gap %,status
2.7639825344085693,158.5547297000885,8.06799999999997,8.68933333333331,7.7012064121634065,2
time,elapsed time,best,best bound,gap %,status
2.7639825344085693,158.5547297000885,8.14799999999997,8.14799999999997,0.0,2
n
e
w
time,elapsed time,best,best bound,gap %,status
2.7921154499053955,161.01029706001282,-1e+100,8.552222222222198,100.0,2
time,elapsed time,best,best bound,gap %,status
2.7921154499053955,161.01029706001282,8.136444444444416,8.552222222222198,5.11006718741472,2
time,elapsed time,best,best bound,gap %,status
2.7921154499053955,161.01029706001282,8.236444444444416,8.236444444444416,0.0,2
n
e
w
time,elapsed time,best,best bound,gap %,status
2.7806315422058105,163.462144613266,-1e+100,8.74472222222218,100.0,2
time,elapsed time,best,best bound,gap %,status
2.781629800796509,163.462144613266,8.191055555555506,8.74472222222218,6.7594055846826056,2
time,elapsed time,best,best bound,gap %,status
2.781629800796509,163.462144613266,8.271055555555506,8.271055555555506,0.0,2
n
e
w
time,elapsed time,best,best bound,gap %,status
2.837092399597168,165.9681372642517,-1e+100,8.610888888888866,100.0,2
time,elapsed time,best,best bound,gap %,status
2.837092399597168,165.9681372642517,8.057222222222194,8.610888888888866,6.871681721023324,2
time,elapsed time,best,best bound,gap %,status
2.837092399597168,165.9681372642517,8.137222222222194,8.137222222222194,0.0,2
n
e
w
time,elapsed time,best,best bound,gap %,status
2.8948421478271484,168.52974820137024,-1e+100,9.086222222222196,100.0,2
time,elapsed time,best,best bound,gap %,status
2.895838975906372,168.52974820137024,8.532555555555522,9.086222222222196,6.488872683708258,2
time,elapsed time,best,best bound,gap %,status
2.895838975906372,168.52974820137024,8.612555555555522,8.612555555555522,0.0,2
n
e
w
time,elapsed time,best,best bound,gap %,status
2.7679603099823,170.96695685386658,-1e+100,9.120277777777751,100.0,2
time,elapsed time,best,best bound,gap %,status
2.7689578533172607,170.96695685386658,8.428722222222186,9.120277777777751,8.20474963253968,2
time,elapsed time,best,best bound,gap %,status
2.7689578533172607,170.96695685386658,8.488722222222187,8.488722222222187,0.0,2
n
e
w
time,elapsed time,best,best bound,gap %,status
2.8354427814483643,173.46546983718872,-1e+100,9.244111111111087,100.0,2
time,elapsed time,best,best bound,gap %,status
2.8354427814483643,173.46546983718872,8.552555555555521,9.244111111111087,8.085952217011306,2
time,elapsed time,best,best bound,gap %,status
2.8354427814483643,173.46546983718872,8.612555555555522,8.612555555555522,0.0,2
n
e
w
time,elapsed time,best,best bound,gap %,status
2.3850626945495605,175.64458298683167,-1e+100,9.120277777777751,100.0,2
time,elapsed time,best,best bound,gap %,status
2.3860607147216797,175.64458298683167,8.428722222222186,9.120277777777751,8.20474963253968,2
time,elapsed time,best,best bound,gap %,status
2.3880558013916016,175.64458298683167,8.488722222222187,8.488722222222187,0.0,2
n
e
w
time,elapsed time,best,best bound,gap %,status
1.9205834865570068,177.34873366355896,-1e+100,9.277722222222188,100.0,2
time,elapsed time,best,best bound,gap %,status
1.9215819835662842,177.34873366355896,8.621777777777735,9.277722222222188,7.607995257487632,2
time,elapsed time,best,best bound,gap %,status
1.9235761165618896,177.34873366355896,8.701777777777735,8.701777777777735,0.0,2
n
e
w
time,elapsed time,best,best bound,gap %,status
1.8187055587768555,178.96285200119019,-1e+100,9.120277777777751,100.0,2
time,elapsed time,best,best bound,gap %,status
1.8204987049102783,178.96285200119019,8.428722222222186,9.120277777777751,8.20474963253968,2
time,elapsed time,best,best bound,gap %,status
1.8226056098937988,178.96285200119019,8.488722222222187,8.488722222222187,0.0,2
n
e
w
time,elapsed time,best,best bound,gap %,status
3.117062568664551,181.747385263443,-1e+100,9.244111111111087,100.0,2
time,elapsed time,best,best bound,gap %,status
3.117062568664551,181.747385263443,8.552555555555521,9.244111111111087,8.085952217011306,2
time,elapsed time,best,best bound,gap %,status
3.135200262069702,181.747385263443,8.612555555555522,8.612555555555522,0.0,2
n
e
w
time,elapsed time,best,best bound,gap %,status
2.784573793411255,184.21611976623535,-1e+100,8.64177777777774,100.0,2
time,elapsed time,best,best bound,gap %,status
2.784573793411255,184.21611976623535,8.56716666666663,8.64177777777774,0.8708959918033287,2
time,elapsed time,best,best bound,gap %,status
2.800272226333618,184.21611976623535,8.607166666666629,8.607166666666629,0.0,2
n
e
w
time,elapsed time,best,best bound,gap %,status
2.9788260459899902,186.8850176334381,-1e+100,9.10027777777774,100.0,2
time,elapsed time,best,best bound,gap %,status
2.9845871925354004,186.8850176334381,8.408722222222174,9.10027777777774,8.224264487271975,2
time,elapsed time,best,best bound,gap %,status
2.9855775833129883,186.8850176334381,8.468722222222175,8.468722222222175,0.0,2
n
e
w
time,elapsed time,best,best bound,gap %,status
2.989473342895508,189.50836086273193,-1e+100,9.290833333333289,100.0,2
time,elapsed time,best,best bound,gap %,status
2.997504234313965,189.50836086273193,8.790222222222173,9.290833333333289,5.6950905046011595,2
time,elapsed time,best,best bound,gap %,status
2.997504234313965,189.50836086273193,8.864833333333284,8.864833333333284,0.0,2
n
e
w
time,elapsed time,best,best bound,gap %,status
2.8139472007751465,192.00745344161987,-1e+100,9.120277777777751,100.0,2
time,elapsed time,best,best bound,gap %,status
2.814939498901367,192.00745344161987,8.428722222222186,9.120277777777751,8.20474963253968,2
time,elapsed time,best,best bound,gap %,status
2.814939498901367,192.00745344161987,8.488722222222187,8.488722222222187,0.0,2
n
e
w
time,elapsed time,best,best bound,gap %,status
2.7836709022521973,194.45968985557556,-1e+100,9.244111111111087,100.0,2
time,elapsed time,best,best bound,gap %,status
2.7836709022521973,194.45968985557556,8.552555555555521,9.244111111111087,8.085952217011306,2
time,elapsed time,best,best bound,gap %,status
2.8002779483795166,194.45968985557556,8.612555555555522,8.612555555555522,0.0,2
n
e
w
time,elapsed time,best,best bound,gap %,status
2.8479230403900146,196.9907557964325,-1e+100,9.277722222222188,100.0,2
time,elapsed time,best,best bound,gap %,status
2.863563299179077,196.9907557964325,8.621777777777735,9.277722222222188,7.607995257487632,2
time,elapsed time,best,best bound,gap %,status
2.865556240081787,196.9907557964325,8.701777777777735,8.701777777777735,0.0,2
n
e
w
time,elapsed time,best,best bound,gap %,status
2.817685127258301,199.49187874794006,-1e+100,8.64177777777774,100.0,2
time,elapsed time,best,best bound,gap %,status
2.817685127258301,199.49187874794006,8.56716666666663,8.64177777777774,0.8708959918033287,2
time,elapsed time,best,best bound,gap %,status
2.817685127258301,199.49187874794006,8.607166666666629,8.607166666666629,0.0,2
n
e
w
time,elapsed time,best,best bound,gap %,status
2.7864837646484375,201.97620105743408,-1e+100,9.10027777777774,100.0,2
time,elapsed time,best,best bound,gap %,status
2.8011703491210938,201.97620105743408,8.408722222222174,9.10027777777774,8.224264487271975,2
time,elapsed time,best,best bound,gap %,status
2.80216646194458,201.97620105743408,8.468722222222175,8.468722222222175,0.0,2
n
e
w
time,elapsed time,best,best bound,gap %,status
2.8346571922302246,204.47633123397827,-1e+100,9.140277777777747,100.0,2
time,elapsed time,best,best bound,gap %,status
2.8346571922302246,204.47633123397827,8.448722222222182,9.140277777777747,8.185327169789142,2
time,elapsed time,best,best bound,gap %,status
2.8346571922302246,204.47633123397827,8.508722222222183,8.508722222222183,0.0,2
n
e
w
time,elapsed time,best,best bound,gap %,status
2.7513577938079834,206.8950958251953,-1e+100,9.238722222222185,100.0,2
time,elapsed time,best,best bound,gap %,status
2.7513577938079834,206.8950958251953,8.54716666666662,9.238722222222185,8.091050315569321,2
time,elapsed time,best,best bound,gap %,status
2.7513577938079834,206.8950958251953,8.60716666666662,8.60716666666662,0.0,2
n
e
w
time,elapsed time,best,best bound,gap %,status
2.8335466384887695,209.36284494400024,-1e+100,8.706388888888853,100.0,2
time,elapsed time,best,best bound,gap %,status
2.8335466384887695,209.36284494400024,8.651777777777742,8.706388888888853,0.6312125959982542,2
time,elapsed time,best,best bound,gap %,status
2.8335466384887695,209.36284494400024,8.671777777777741,8.671777777777741,0.0,2
n
e
w
time,elapsed time,best,best bound,gap %,status
2.866950035095215,211.9167938232422,-1e+100,9.303333333333288,100.0,2
time,elapsed time,best,best bound,gap %,status
2.866950035095215,211.9167938232422,8.611777777777723,9.303333333333288,8.030346037726275,2
time,elapsed time,best,best bound,gap %,status
2.866950035095215,211.9167938232422,8.671777777777724,8.671777777777724,0.0,2
n
e
w
time,elapsed time,best,best bound,gap %,status
3.285860538482666,214.88582229614258,-1e+100,9.463555555555528,100.0,2
time,elapsed time,best,best bound,gap %,status
3.285860538482666,214.88582229614258,8.647166666666628,9.463555555555528,9.441114302051583,2
time,elapsed time,best,best bound,gap %,status
3.3004961013793945,214.88582229614258,8.707166666666629,8.707166666666629,0.0,2
n
e
w
time,elapsed time,best,best bound,gap %,status
2.852302074432373,217.41926312446594,-1e+100,9.595611111111085,100.0,2
time,elapsed time,best,best bound,gap %,status
2.852302074432373,217.41926312446594,8.90405555555552,9.595611111111085,7.766747986248604,2
time,elapsed time,best,best bound,gap %,status
2.867903232574463,217.41926312446594,8.96405555555552,8.96405555555552,0.0,2
n
e
w
time,elapsed time,best,best bound,gap %,status
2.800274133682251,219.88639545440674,-1e+100,9.120277777777751,100.0,2
time,elapsed time,best,best bound,gap %,status
2.800274133682251,219.88639545440674,8.428722222222186,9.120277777777751,8.20474963253968,2
time,elapsed time,best,best bound,gap %,status
2.800274133682251,219.88639545440674,8.488722222222187,8.488722222222187,0.0,2
n
e
w
time,elapsed time,best,best bound,gap %,status
2.8002498149871826,222.3700053691864,-1e+100,9.244111111111087,100.0,2
time,elapsed time,best,best bound,gap %,status
2.8002498149871826,222.3700053691864,8.552555555555521,9.244111111111087,8.085952217011306,2
time,elapsed time,best,best bound,gap %,status
2.816981315612793,222.3700053691864,8.612555555555522,8.612555555555522,0.0,2
n
e
w
time,elapsed time,best,best bound,gap %,status
2.8345956802368164,224.88982963562012,-1e+100,9.277722222222188,100.0,2
time,elapsed time,best,best bound,gap %,status
2.8345956802368164,224.88982963562012,8.621777777777735,9.277722222222188,7.607995257487632,2
time,elapsed time,best,best bound,gap %,status
2.8345956802368164,224.88982963562012,8.701777777777735,8.701777777777735,0.0,2
n
e
w
time,elapsed time,best,best bound,gap %,status
2.835592269897461,227.3921446800232,-1e+100,8.64177777777774,100.0,2
time,elapsed time,best,best bound,gap %,status
2.8512799739837646,227.3921446800232,8.56716666666663,8.64177777777774,0.8708959918033287,2
time,elapsed time,best,best bound,gap %,status
2.8522777557373047,227.3921446800232,8.607166666666629,8.607166666666629,0.0,2
n
e
w
time,elapsed time,best,best bound,gap %,status
2.8017430305480957,229.87453055381775,-1e+100,9.10027777777774,100.0,2
time,elapsed time,best,best bound,gap %,status
2.8017430305480957,229.87453055381775,8.408722222222174,9.10027777777774,8.224264487271975,2
time,elapsed time,best,best bound,gap %,status
2.8017430305480957,229.87453055381775,8.468722222222175,8.468722222222175,0.0,2
n
e
w
time,elapsed time,best,best bound,gap %,status
2.7668330669403076,232.31135988235474,-1e+100,9.290833333333289,100.0,2
time,elapsed time,best,best bound,gap %,status
2.7668330669403076,232.31135988235474,8.790222222222173,9.290833333333289,5.6950905046011595,2
time,elapsed time,best,best bound,gap %,status
2.7668330669403076,232.31135988235474,8.864833333333284,8.864833333333284,0.0,2
n
e
w
time,elapsed time,best,best bound,gap %,status
2.885598659515381,234.86365175247192,-1e+100,9.140277777777747,100.0,2
time,elapsed time,best,best bound,gap %,status
2.886592388153076,234.86365175247192,8.448722222222182,9.140277777777747,8.185327169789142,2
time,elapsed time,best,best bound,gap %,status
2.886592388153076,234.86365175247192,8.508722222222183,8.508722222222183,0.0,2
n
e
w
time,elapsed time,best,best bound,gap %,status
2.817868232727051,237.3646159172058,-1e+100,9.238722222222185,100.0,2
time,elapsed time,best,best bound,gap %,status
2.817868232727051,237.3646159172058,8.54716666666662,9.238722222222185,8.091050315569321,2
time,elapsed time,best,best bound,gap %,status
2.817868232727051,237.3646159172058,8.60716666666662,8.60716666666662,0.0,2
n
e
w
time,elapsed time,best,best bound,gap %,status
2.8837528228759766,239.88445901870728,-1e+100,8.706388888888853,100.0,2
time,elapsed time,best,best bound,gap %,status
2.8837528228759766,239.88445901870728,8.651777777777742,8.706388888888853,0.6312125959982542,2
time,elapsed time,best,best bound,gap %,status
2.8837528228759766,239.88445901870728,8.671777777777741,8.671777777777741,0.0,2
n
e
w
time,elapsed time,best,best bound,gap %,status
2.8513002395629883,242.42001700401306,-1e+100,9.303333333333288,100.0,2
time,elapsed time,best,best bound,gap %,status
2.867016315460205,242.42001700401306,8.611777777777723,9.303333333333288,8.030346037726275,2
time,elapsed time,best,best bound,gap %,status
2.8690121173858643,242.42001700401306,8.671777777777724,8.671777777777724,0.0,2
n
e
w
time,elapsed time,best,best bound,gap %,status
2.752276659011841,244.8534290790558,-1e+100,9.463555555555528,100.0,2
time,elapsed time,best,best bound,gap %,status
2.752276659011841,244.8534290790558,8.647166666666628,9.463555555555528,9.441114302051583,2
time,elapsed time,best,best bound,gap %,status
2.752276659011841,244.8534290790558,8.707166666666629,8.707166666666629,0.0,2
n
e
w
time,elapsed time,best,best bound,gap %,status
2.8047659397125244,247.342946767807,-1e+100,9.086222222222196,100.0,2
time,elapsed time,best,best bound,gap %,status
2.8047659397125244,247.342946767807,8.532555555555522,9.086222222222196,6.488872683708258,2
time,elapsed time,best,best bound,gap %,status
2.8047659397125244,247.342946767807,8.612555555555522,8.612555555555522,0.0,2
n
e
w
time,elapsed time,best,best bound,gap %,status
2.8501551151275635,249.86066889762878,-1e+100,9.269277777777736,100.0,2
time,elapsed time,best,best bound,gap %,status
2.8585352897644043,249.86066889762878,8.715611111111063,9.269277777777736,6.352585717837202,2
time,elapsed time,best,best bound,gap %,status
2.8585352897644043,249.86066889762878,8.795611111111063,8.795611111111063,0.0,2
n
e
w
time,elapsed time,best,best bound,gap %,status
2.8185808658599854,252.36282062530518,-1e+100,9.372555555555508,100.0,2
time,elapsed time,best,best bound,gap %,status
2.8346567153930664,252.36282062530518,8.680999999999942,9.372555555555508,7.966312124819373,2
time,elapsed time,best,best bound,gap %,status
2.8366522789001465,252.36282062530518,8.740999999999943,8.740999999999943,0.0,2
n
e
w
time,elapsed time,best,best bound,gap %,status
2.8185946941375732,254.85537242889404,-1e+100,9.327944444444405,100.0,2
time,elapsed time,best,best bound,gap %,status
2.8185946941375732,254.85537242889404,8.63638888888884,9.327944444444405,8.007461966485636,2
time,elapsed time,best,best bound,gap %,status
2.8185946941375732,254.85537242889404,8.69638888888884,8.69638888888884,0.0,2
n
e
w
time,elapsed time,best,best bound,gap %,status
2.7199604511260986,257.25760793685913,-1e+100,9.008166666666613,100.0,2
time,elapsed time,best,best bound,gap %,status
2.7199604511260986,257.25760793685913,8.83022222222217,9.008166666666613,2.0151751560297835,2
time,elapsed time,best,best bound,gap %,status
2.733581066131592,257.25760793685913,8.83022222222217,8.851888888888837,0.24536943829273158,2
time,elapsed time,best,best bound,gap %,status
2.733581066131592,257.25760793685913,8.83022222222217,8.851888888888837,0.24536943829273158,2
time,elapsed time,best,best bound,gap %,status
2.733581066131592,257.25760793685913,8.83022222222217,8.838555555555503,0.09437286088181521,2
n
e
w
time,elapsed time,best,best bound,gap %,status
2.8528635501861572,259.7921316623688,-1e+100,9.337944444444416,100.0,2
time,elapsed time,best,best bound,gap %,status
2.867016553878784,259.7921316623688,8.64638888888885,9.337944444444416,7.998200918816608,2
time,elapsed time,best,best bound,gap %,status
2.8702096939086914,259.7921316623688,8.706388888888851,8.706388888888851,0.0,2
n
e
w
time,elapsed time,best,best bound,gap %,status
2.881129503250122,262.3229901790619,-1e+100,9.333333333333298,100.0,2
time,elapsed time,best,best bound,gap %,status
2.881129503250122,262.3229901790619,8.641777777777733,9.333333333333298,8.002468627854505,2
time,elapsed time,best,best bound,gap %,status
2.881129503250122,262.3229901790619,8.701777777777734,8.701777777777734,0.0,2
n
e
w
time,elapsed time,best,best bound,gap %,status
2.8335795402526855,264.8407700061798,-1e+100,9.468166666666644,100.0,2
time,elapsed time,best,best bound,gap %,status
2.8335795402526855,264.8407700061798,8.651777777777744,9.468166666666644,9.43608250070651,2
time,elapsed time,best,best bound,gap %,status
2.8335795402526855,264.8407700061798,8.711777777777742,8.711777777777742,0.0,2
n
e
w
time,elapsed time,best,best bound,gap %,status
2.8244428634643555,267.3306186199188,-1e+100,9.561999999999955,100.0,2
time,elapsed time,best,best bound,gap %,status
2.8244428634643555,267.3306186199188,8.745611111111055,9.561999999999955,9.33484096785073,2
time,elapsed time,best,best bound,gap %,status
2.8244428634643555,267.3306186199188,8.805611111111055,8.805611111111055,0.0,2
n
e
w
time,elapsed time,best,best bound,gap %,status
2.7861180305480957,269.76707673072815,-1e+100,8.780999999999944,100.0,2
time,elapsed time,best,best bound,gap %,status
2.8022687435150146,269.76707673072815,8.760999999999944,8.780999999999944,0.22828444241524598,2
time,elapsed time,best,best bound,gap %,status
2.8022687435150146,269.76707673072815,8.780999999999946,8.780999999999946,0.0,2
n
e
w
time,elapsed time,best,best bound,gap %,status
2.8002266883850098,272.233726978302,-1e+100,9.244111111111074,100.0,2
time,elapsed time,best,best bound,gap %,status
2.8002266883850098,272.233726978302,8.552555555555509,9.244111111111074,8.085952217011318,2
time,elapsed time,best,best bound,gap %,status
2.8002266883850098,272.233726978302,8.61255555555551,8.61255555555551,0.0,2
n
e
w
time,elapsed time,best,best bound,gap %,status
2.8003058433532715,274.71820616722107,-1e+100,8.523333333333298,100.0,2
time,elapsed time,best,best bound,gap %,status
2.8003058433532715,274.71820616722107,8.428722222222188,8.523333333333298,1.1224846259812602,2
time,elapsed time,best,best bound,gap %,status
2.8003058433532715,274.71820616722107,8.488722222222188,8.488722222222188,0.0,2
n
e
w
time,elapsed time,best,best bound,gap %,status
3.217824935913086,277.6017813682556,-1e+100,9.382555555555513,100.0,2
time,elapsed time,best,best bound,gap %,status
3.2188358306884766,277.6017813682556,8.690999999999947,9.382555555555513,7.957145961978707,2
time,elapsed time,best,best bound,gap %,status
3.221843719482422,277.6017813682556,8.750999999999948,8.750999999999948,0.0,2
n
e
w
time,elapsed time,best,best bound,gap %,status
2.8180434703826904,280.10088062286377,-1e+100,9.264666666666631,100.0,2
time,elapsed time,best,best bound,gap %,status
2.8336470127105713,280.10088062286377,8.710999999999958,9.264666666666631,6.35594841770952,2
time,elapsed time,best,best bound,gap %,status
2.8336470127105713,280.10088062286377,8.790999999999958,8.790999999999958,0.0,2
n
e
w
time,elapsed time,best,best bound,gap %,status
2.9451088905334473,282.7120943069458,-1e+100,9.225111111111064,100.0,2
time,elapsed time,best,best bound,gap %,status
2.9509098529815674,282.7120943069458,8.408722222222163,9.225111111111064,9.708834081013965,2
time,elapsed time,best,best bound,gap %,status
2.9509098529815674,282.7120943069458,8.468722222222164,8.468722222222164,0.0,2
n
e
w
time,elapsed time,best,best bound,gap %,status
2.8755667209625244,285.2456154823303,-1e+100,9.265722222222172,100.0,2
time,elapsed time,best,best bound,gap %,status
2.8755667209625244,285.2456154823303,8.770222222222166,9.265722222222172,5.649799827699887,2
time,elapsed time,best,best bound,gap %,status
2.8836827278137207,285.2456154823303,8.850222222222166,8.850222222222166,0.0,2
n
e
w
time,elapsed time,best,best bound,gap %,status
2.8845674991607666,287.7967622280121,-1e+100,9.343333333333295,100.0,2
time,elapsed time,best,best bound,gap %,status
2.8845674991607666,287.7967622280121,8.65177777777773,9.343333333333295,7.993219120026869,2
time,elapsed time,best,best bound,gap %,status
2.8845674991607666,287.7967622280121,8.71177777777773,8.71177777777773,0.0,2
n
e
w
time,elapsed time,best,best bound,gap %,status
2.8669891357421875,290.34791588783264,-1e+100,9.248722222222195,100.0,2
time,elapsed time,best,best bound,gap %,status
2.8669891357421875,290.34791588783264,8.55716666666663,9.248722222222195,8.081595024313751,2
time,elapsed time,best,best bound,gap %,status
2.8802943229675293,290.34791588783264,8.61716666666663,8.61716666666663,0.0,2
n
e
w
time,elapsed time,best,best bound,gap %,status
2.7846291065216064,292.82597637176514,-1e+100,9.120277777777737,100.0,2
time,elapsed time,best,best bound,gap %,status
2.7846291065216064,292.82597637176514,8.428722222222172,9.120277777777737,8.204749632539695,2
time,elapsed time,best,best bound,gap %,status
2.7993407249450684,292.82597637176514,8.488722222222172,8.488722222222172,0.0,2
n
e
w
time,elapsed time,best,best bound,gap %,status
2.818490743637085,295.29332518577576,-1e+100,9.100277777777734,100.0,2
time,elapsed time,best,best bound,gap %,status
2.818490743637085,295.29332518577576,8.408722222222169,9.100277777777734,8.22426448727198,2
time,elapsed time,best,best bound,gap %,status
2.818490743637085,295.29332518577576,8.46872222222217,8.46872222222217,0.0,2
n
e
w
time,elapsed time,best,best bound,gap %,status
2.8002777099609375,297.7611448764801,-1e+100,9.458166666666624,100.0,2
time,elapsed time,best,best bound,gap %,status
2.8002777099609375,297.7611448764801,8.641777777777724,9.458166666666624,9.447001645752092,2
time,elapsed time,best,best bound,gap %,status
2.8002777099609375,297.7611448764801,8.701777777777725,8.701777777777725,0.0,2
n
e
w
time,elapsed time,best,best bound,gap %,status
2.8301517963409424,300.26372385025024,-1e+100,8.909444444444384,100.0,2
time,elapsed time,best,best bound,gap %,status
2.8301517963409424,300.26372385025024,8.814833333333274,8.909444444444384,1.073317072863288,2
time,elapsed time,best,best bound,gap %,status
2.8301517963409424,300.26372385025024,8.874833333333275,8.874833333333275,0.0,2
