name,I size,L size,S size,model time,best obj,best bound,gap %,status,total time,iteration
Instance_168_16_,168,16,10,1.186175346,4.995,4.9965,0.03003003,2,1.572093964,0
Instance_168_16_,168,16,10,1.138297081,4.995000006,5.012582347,0.351998824,2,12.20808387,V2 BLS
Instance_168_16_,168,16,10,1.266535282,4.99500001,5.0096637,0.293567376,2,210.157665,V2 BLS
Instance_168_16_,168,16,10,1.132649183,4.995000016,5.010318468,0.306675722,2,399.303086,V2 BLS
Instance_168_16_,168,16,50,5.101186037,4.848,4.849,0.020627063,2,5.529369831,0
Instance_168_16_,168,16,50,5.128031015,4.848000001,4.849000001,0.020627063,2,408.907057,V2 BLS
Instance_168_16_,168,16,50,5.074790239,4.8485,4.85,0.030937403,2,1140.48531,V2 BLS
Instance_168_16_,168,16,50,4.951983929,4.849,4.8495,0.010311404,2,1167.198174,V2 BLS
Instance_168_16_,168,16,50,5.0057621,4.849000001,4.849500001,0.010311404,2,2014.240057,V2 BLS
Instance_168_16_,168,16,50,5.125571728,4.849000001,4.850500001,0.030934213,2,3532.619182,V2 BLS
Instance_168_16_,168,16,100,11.61092305,4.88345,4.88465,0.024572792,2,12.41371918,0
Instance_168_16_,168,16,100,11.72876978,4.891650001,4.892400001,0.01533225,2,73.54184318,V2 BLS
Instance_168_16_,168,16,100,11.26746702,4.896950001,4.897583334,0.01293322,2,122.5053902,V2 BLS
Instance_168_16_,168,16,100,11.66238809,4.905650001,4.907528573,0.038294037,2,172.1131992,V2 BLS
Instance_168_16_,168,16,100,11.52361894,4.91015,4.912275794,0.043293864,2,2072.879742,V2 BLS
Instance_168_16_,168,16,150,18.066962,4.677400001,4.67820915,0.0172991,2,19.28443813,0
Instance_168_16_,168,16,150,18.01901197,4.700988889,4.701211115,0.004727212,2,76.20768905,V2 BLS
Instance_168_16_,168,16,150,18.10261202,4.703988892,4.705534395,0.032855151,2,133.8670359,V2 BLS
Instance_168_16_,168,16,150,18.18524981,4.704244446,4.705566669,0.028107005,2,2500.099564,V2 BLS
Instance_168_16_,168,16,150,18.33545327,4.704322224,4.706633559,0.049132157,2,2520.078521,V2 BLS
Instance_168_16_,168,16,150,19.13856006,4.704322225,4.705975664,0.035147234,2,3333.289827,V2 BLS
Instance_168_16_,168,16,200,23.16614079,4.8221,4.8226,0.010368926,2,24.69876695,0
Instance_168_16_,168,16,200,23.28821516,4.83005,4.8305,0.009316674,2,99.25121307,V2 BLS
Instance_168_16_,168,16,200,23.60965919,4.8388,4.83945,0.013433083,2,174.9908462,V2 BLS
Instance_168_16_,168,16,200,23.411623,4.83905,4.8396,0.011365867,2,1685.208067,V2 BLS
Instance_168_50_,168,50,10,1.939574003,6.485,6.505993908,0.323730276,2,2.498546839,0
Instance_168_50_,168,50,10,1.646235943,6.57,6.590993908,0.319541985,2,4.552147865,V4 BLS
Instance_168_50_,168,50,10,1.920084238,6.620000002,6.621752137,0.026467297,2,46.90062475,V4 BLS
Instance_168_50_,168,50,10,1.766198874,6.66,6.680993908,0.31522385,2,107.188483,V4 BLS
Instance_168_50_,168,50,10,1.852197886,6.7,6.707205215,0.107540529,2,113.724309,V4 BLS
Instance_168_50_,168,50,10,1.660691977,6.735,6.756493908,0.319137467,2,155.457293,V4 BLS
Instance_168_50_,168,50,10,1.753443956,6.755,6.762204617,0.106656056,2,179.8781049,V4 BLS
Instance_168_50_,168,50,10,1.936676264,6.795,6.802205215,0.106037019,2,222.1460409,V4 BLS
Instance_168_50_,168,50,10,1.536423922,6.83,6.842182677,0.178370094,2,374.8329411,V4 BLS
Instance_168_50_,168,50,10,1.748694897,6.835,6.846626919,0.170108543,2,378.9745729,V4 BLS
Instance_168_50_,168,50,10,1.64632225,6.875,6.886182972,0.162661416,2,572.6062899,V4 BLS
Instance_168_50_,168,50,10,1.732697964,6.885,6.891232993,0.090530039,2,589.047061,V4 BLS
Instance_168_50_,168,50,10,1.713031769,6.92,6.92125,0.018063584,2,818.1639769,V4 BLS
Instance_168_50_,168,50,10,2.096781969,6.925,6.92625,0.018050542,2,1490.520943,V4 BLS
Instance_168_50_,168,50,10,1.859728098,6.935,6.936666667,0.024032684,2,2308.792679,V4 BLS
Instance_168_50_,168,50,10,1.934948206,6.94,6.941666667,0.02401537,2,2515.2622,V4 BLS
Instance_168_50_,168,50,10,1.604647875,6.965,6.975990353,0.157794013,2,2735.799932,V4 BLS
Instance_168_50_,168,50,10,1.946387053,6.97,6.97125,0.017934003,2,3069.81438,V4 BLS
Instance_168_50_,168,50,50,9.478366137,6.441,6.442,0.01552554,2,10.37360811,0
Instance_168_50_,168,50,50,9.950716972,6.449,6.452,0.04651884,2,194.8530831,V4 BLS
Instance_168_50_,168,50,50,9.194641113,6.4775,6.48,0.038595137,2,498.4099011,V4 BLS
Instance_168_50_,168,50,50,9.045993805,6.4815,6.484,0.038571318,2,678.3169801,V4 BLS
Instance_168_50_,168,50,50,9.248377085,6.4865,6.4885,0.030833269,2,960.5847402,V4 BLS
Instance_168_50_,168,50,50,9.20103097,6.5295,6.5315,0.030630217,2,1141.426911,V4 BLS
Instance_168_50_,168,50,50,9.144382954,6.5375,6.539,0.022944551,2,1478.836343,V4 BLS
Instance_168_50_,168,50,50,9.070385933,6.5495,6.551,0.022902512,2,2118.573898,V4 BLS
Instance_168_50_,168,50,50,9.185894728,6.5595,6.560000001,0.007622542,2,3088.001673,V4 BLS
Instance_168_50_,168,50,100,21.55322814,6.4167,6.41755,0.013246684,2,23.46865582,0
Instance_168_50_,168,50,100,21.36489606,6.418,6.41825,0.003895294,2,1207.996685,V4 BLS
Instance_168_50_,168,50,100,21.22819877,6.41935,6.4196,0.003894475,2,1637.349588,V4 BLS
Instance_168_50_,168,50,100,22.41599989,6.43415,6.434816667,0.010361379,2,2472.849761,V4 BLS
Instance_168_50_,168,50,100,21.16136503,6.44565,6.44615,0.00775717,2,3356.877614,V4 BLS
Instance_168_50_,168,50,150,32.75609612,6.375988893,6.376641643,0.010237629,2,35.32143092,0
Instance_168_50_,168,50,150,31.73825192,6.382911112,6.383509798,0.009379509,2,1429.708142,V4 BLS
Instance_168_50_,168,50,150,33.50431299,6.399911111,6.402472222,0.040017917,2,3242.550577,V4 BLS
Instance_168_50_,168,50,200,40.91655397,6.3773,6.3786,0.020384802,2,44.06062889,0
Instance_168_50_,168,50,200,41.30940008,6.39575,6.39655,0.012508306,2,2487.17118,V4 BLS
Instance_168_100_,168,100,10,3.114346027,7.070000095,7.081833428,0.167373878,2,3.773952961,0
Instance_168_100_,168,100,10,3.004815817,7.075,7.097711539,0.321011148,2,319.3883319,V4 BLS
Instance_168_100_,168,100,10,2.96894598,7.085,7.088333333,0.047047753,2,533.534101,V4 BLS
Instance_168_100_,168,100,10,2.506675005,7.11,7.113333333,0.046882325,2,586.4685218,V4 BLS
Instance_168_100_,168,100,10,2.671723843,7.115,7.118333333,0.046849379,2,741.081847,V4 BLS
Instance_168_100_,168,100,10,2.942707062,7.12500001,7.131270843,0.088011696,2,744.6726441,V4 BLS
Instance_168_100_,168,100,10,2.528364182,7.13,7.1355,0.07713885,2,747.8449471,V4 BLS
Instance_168_100_,168,100,10,2.623903751,7.135000003,7.138333333,0.04671801,2,892.93679,V4 BLS
Instance_168_100_,168,100,10,2.881181955,7.255,7.265854903,0.14961961,2,896.4485922,V4 BLS
Instance_168_100_,168,100,10,2.936079025,7.260000004,7.283254494,0.320309785,2,900.037914,V4 BLS
Instance_168_100_,168,100,10,2.58652997,7.275,7.2785,0.048109966,2,1121.483928,V4 BLS
Instance_168_100_,168,100,10,2.482283115,7.305,7.3125,0.102669405,2,1417.714434,V4 BLS
Instance_168_100_,168,100,10,2.525230885,7.33,7.333933333,0.053660755,2,1788.457296,V4 BLS
Instance_168_100_,168,100,10,2.554419041,7.335,7.35825449,0.317034634,2,1996.308269,V4 BLS
Instance_168_100_,168,100,10,2.525713921,7.34,7.3455,0.07493188,2,2002.282498,V4 BLS
Instance_168_100_,168,100,10,2.598526001,7.345,7.348333333,0.045382346,2,2291.760824,V4 BLS
Instance_168_100_,168,100,10,2.564261913,7.35,7.353333333,0.045351474,2,2523.397333,V4 BLS
Instance_168_100_,168,100,10,2.70936203,7.375,7.400352702,0.343765455,2,3197.118889,V4 BLS
Instance_168_100_,168,100,10,2.777716875,7.380000048,7.414750673,0.470875673,2,3224.884141,V4 BLS
Instance_168_100_,168,100,10,2.938647985,7.385,7.420417865,0.479591938,2,3460.580296,V4 BLS
Instance_168_100_,168,100,50,12.09630179,6.463000009,6.463000009,0,2,13.73614001,0
Instance_168_100_,168,100,50,11.86620808,6.467,6.4675,0.00773156,2,110.195873,V4 BLS
Instance_168_100_,168,100,100,27.91009784,6.6976,6.69815,0.008211897,2,30.85974097,0
Instance_168_100_,168,100,100,28.8802371,6.7071,6.70765,0.008200265,2,2553.663858,V4 BLS
Instance_168_100_,168,100,150,47.66820502,6.85182223,6.852406008,0.008520043,2,52.49704599,0
Instance_168_100_,168,100,200,61.96099472,6.8329,6.833550007,0.0095129,2,68.15099311,0
Instance_270_16_,270,16,10,1.4835217,5.525,5.525,0,2,2.056609154,0
Instance_270_16_,270,16,10,1.537056208,5.56500001,5.584400595,0.348617875,2,5.11560297,V2 BLS
Instance_270_16_,270,16,10,1.421732903,5.57,5.57,0,2,8.196103334,V2 BLS
Instance_270_16_,270,16,10,1.481375933,5.570000003,5.615144025,0.810485133,2,9.884148121,V2 BLS
Instance_270_16_,270,16,10,1.221236944,5.570000004,5.570000004,0,2,23.15941024,V2 BLS
Instance_270_16_,270,16,10,1.243923187,5.575,5.578333333,0.059790732,2,80.22432423,V2 BLS
Instance_270_16_,270,16,10,1.306616068,5.575000003,5.591932334,0.303718938,2,147.6747451,V2 BLS
Instance_270_16_,270,16,10,1.225130081,5.575000015,5.575000015,0,2,222.9453011,V2 BLS
Instance_270_16_,270,16,10,1.247098207,5.58,5.58,0,2,286.619863,V2 BLS
Instance_270_16_,270,16,10,1.255595922,5.580000001,5.592976192,0.232548216,2,411.6792371,V2 BLS
Instance_270_16_,270,16,10,1.204768896,5.580000003,5.583333337,0.059737156,2,522.5194771,V2 BLS
Instance_270_16_,270,16,10,1.219496012,5.580000004,5.605789477,0.462176947,2,918.1053262,V2 BLS
Instance_270_16_,270,16,10,1.216975927,5.580000012,5.603701574,0.424759167,2,1481.632395,V2 BLS
Instance_270_16_,270,16,10,1.307378769,5.580000012,5.580000012,0,2,1691.548724,V2 BLS
Instance_270_16_,270,16,50,6.563525915,5.8675,5.87,0.042607584,2,7.095212936,0
Instance_270_16_,270,16,50,6.501517773,5.867500009,5.868500009,0.017043034,2,14.31245089,V2 BLS
Instance_270_16_,270,16,50,6.843611956,5.8765,5.8775,0.017016932,2,21.9265101,V2 BLS
Instance_270_16_,270,16,50,6.382287025,5.8795,5.8805,0.017008249,2,49.98332596,V2 BLS
Instance_270_16_,270,16,50,6.576092958,5.8825,5.8875,0.084997875,2,234.6716189,V2 BLS
Instance_270_16_,270,16,50,6.566912651,5.882500001,5.883500001,0.016999575,2,347.6746979,V2 BLS
Instance_270_16_,270,16,50,6.555449247,5.8835,5.8835,2.56634E-13,2,368.6940238,V2 BLS
Instance_270_16_,270,16,50,6.30152297,5.8845,5.8845,0,2,678.5929558,V2 BLS
Instance_270_16_,270,16,50,6.391921759,5.8855,5.8855,0,2,720.0518138,V2 BLS
Instance_270_16_,270,16,50,6.188376904,5.887,5.888,0.016986581,2,1352.8629,V2 BLS
Instance_270_16_,270,16,50,6.527447939,5.8875,5.8875,0,2,2158.520678,V2 BLS
Instance_270_16_,270,16,50,6.833631992,5.893,5.893,0,2,2854.16908,V2 BLS
Instance_270_16_,270,16,100,15.09060502,5.70245,5.703116667,0.011690881,2,16.00435019,0
Instance_270_16_,270,16,100,14.96835089,5.70465,5.705316667,0.011686373,2,257.0800021,V2 BLS
Instance_270_16_,270,16,100,14.78230405,5.7068,5.707116667,0.005548936,2,1717.387843,V2 BLS
Instance_270_16_,270,16,100,15.276407,5.7085,5.708816667,0.005547283,2,2017.382094,V2 BLS
Instance_270_16_,270,16,150,22.24648404,5.834588893,5.835500237,0.015619678,2,23.45054698,0
Instance_270_16_,270,16,150,21.9232111,5.834922224,5.83565823,0.012613804,2,47.33633995,V2 BLS
Instance_270_16_,270,16,150,22.64105201,5.84768889,5.848504631,0.013949797,2,94.92166185,V2 BLS
Instance_270_16_,270,16,150,21.76160264,5.849100002,5.84927778,0.003039404,2,810.942672,V2 BLS
Instance_270_16_,270,16,150,22.28074098,5.849944446,5.850253242,0.005278619,2,1156.811789,V2 BLS
Instance_270_16_,270,16,150,21.39707899,5.851766669,5.851944446,0.003038019,2,3256.039551,V2 BLS
Instance_270_16_,270,16,200,31.47626805,5.77065,5.77155,0.015596163,2,37.03577709,0
Instance_270_16_,270,16,200,28.494102,5.771,5.7719,0.015595217,2,2555.046273,V2 BLS
Instance_270_50_,270,50,10,2.498816013,8.05,8.098302671,0.600033185,2,3.02466321,0
Instance_270_50_,270,50,10,2.666412115,8.15,8.158715278,0.106935924,2,61.93513107,V4 BLS
Instance_270_50_,270,50,10,2.448658943,8.195,8.203715278,0.106348722,2,183.5669451,V4 BLS
Instance_270_50_,270,50,10,2.324574947,8.24,8.245,0.060679612,2,186.3142972,V4 BLS
Instance_270_50_,270,50,10,2.326598167,8.250000052,8.25976725,0.118390271,2,864.3333058,V4 BLS
Instance_270_50_,270,50,10,2.315048218,8.29,8.29976827,0.117831961,2,1588.135356,V4 BLS
Instance_270_50_,270,50,10,2.291385174,8.290000052,8.301423907,0.137802838,2,1596.380544,V4 BLS
Instance_270_50_,270,50,10,2.364846706,8.33,8.339773563,0.117329692,2,2036.589375,V4 BLS
Instance_270_50_,270,50,10,2.388211012,8.335,8.339792611,0.057499831,2,3017.448812,V4 BLS
Instance_270_50_,270,50,10,2.368412018,8.345,8.354773563,0.117118794,2,3287.560822,V4 BLS
Instance_270_50_,270,50,50,10.42802572,7.381,7.383,0.027096599,2,11.63024306,0
Instance_270_50_,270,50,50,10.80215764,7.407,7.4095,0.033751856,2,299.7243001,V4 BLS
Instance_270_50_,270,50,50,10.32274389,7.432500008,7.437500008,0.067272116,2,538.360254,V4 BLS
Instance_270_50_,270,50,50,10.45349002,7.445,7.452,0.094022834,2,1713.212677,V4 BLS
Instance_270_50_,270,50,50,10.8469708,7.450000008,7.459000008,0.120805369,2,2847.967763,V4 BLS
Instance_270_50_,270,50,50,10.76056623,7.459000008,7.467500008,0.113956294,2,3330.737371,V4 BLS
Instance_270_50_,270,50,100,28.9858861,7.83305,7.833500011,0.005745026,2,31.20991397,0
Instance_270_50_,270,50,100,29.15300918,7.850400015,7.851350015,0.012101294,2,1390.741071,V4 BLS
Instance_270_50_,270,50,150,45.83580017,7.80876667,7.810097141,0.017038168,2,50.76482201,0
Instance_270_50_,270,50,200,53.53143907,7.504750002,7.504900002,0.001998734,2,57.55571198,0
Instance_270_100_,270,100,10,4.244699955,8.255000064,8.281874415,0.325552408,2,5.008145809,0
Instance_270_100_,270,100,10,3.817102671,8.29,8.312391411,0.270101454,2,9.594482899,V4 BLS
Instance_270_100_,270,100,10,3.983203888,8.425,8.454132399,0.345785146,2,135.61467,V4 BLS
Instance_270_100_,270,100,10,3.701833963,8.430000011,8.443816987,0.163902453,2,699.124706,V4 BLS
Instance_270_100_,270,100,10,3.539557934,8.445,8.461304563,0.193067655,2,1013.259375,V4 BLS
Instance_270_100_,270,100,10,3.706760406,8.455,8.498368252,0.512930245,2,1030.602223,V4 BLS
Instance_270_100_,270,100,10,3.548455,8.46,8.486866674,0.317572979,2,1152.873386,V4 BLS
Instance_270_100_,270,100,10,3.81367898,8.465,8.472997722,0.094479886,2,1490.025514,V4 BLS
Instance_270_100_,270,100,10,4.358996153,8.489,8.503678771,0.172915196,2,1717.43047,V4 BLS
Instance_270_100_,270,100,10,4.082255125,8.494,8.510741517,0.197098152,2,2161.758022,V4 BLS
Instance_270_100_,270,100,10,3.916347742,8.495,8.522090062,0.318894198,2,2208.860321,V4 BLS
Instance_270_100_,270,100,10,3.797767162,8.545,8.56849197,0.274920661,2,2876.076299,V4 BLS
Instance_270_100_,270,100,10,3.929390192,8.550000004,8.581580983,0.36936817,2,3445.997645,V4 BLS
Instance_270_100_,270,100,50,20.81683183,8.6855,8.6895,0.046053768,2,22.88968873,0
Instance_270_100_,270,100,50,20.5267148,8.687,8.694,0.080580177,2,114.1170399,V4 BLS
Instance_270_100_,270,100,50,20.69676685,8.6945,8.712,0.201276669,2,252.1301477,V4 BLS
Instance_270_100_,270,100,50,20.24632001,8.698,8.7155,0.201195677,2,868.1690698,V4 BLS
Instance_270_100_,270,100,50,21.55228591,8.729,8.7295,0.005728038,2,2368.215238,V4 BLS
Instance_270_100_,270,100,50,20.95420027,8.745,8.7555,0.120068611,2,2462.173765,V4 BLS
Instance_270_100_,270,100,100,40.63792014,8.208650004,8.208950004,0.003654681,2,44.40357208,0
Instance_270_100_,270,100,150,67.97159696,8.375244449,8.376405895,0.013867597,2,73.7422719,0
Instance_270_100_,270,100,200,77.94323611,8.15665,8.157200002,0.006742989,2,85.9055841,0
Instance_270_100_,270,100,200,75.76900101,8.1602,8.1621,0.023283743,2,260.0039489,V4 BLS
Instance_270_100_,270,100,200,76.74388289,8.16365,8.164,0.004287298,2,940.9373889,V4 BLS
Instance_270_100_,270,100,200,77.5522089,8.1637,8.16385,0.001837404,2,1199.724722,V4 BLS
Instance_270_100_,270,100,200,82.80297232,8.17345,8.174200003,0.009176088,2,2393.465843,V4 BLS
Instance_270_100_,270,100,200,77.64128304,8.188250005,8.190300005,0.025035875,2,2742.891571,V4 BLS
Instance_270_100_,270,100,200,76.08930111,8.2002,8.20135,0.014024048,2,3171.32163,V4 BLS
Instance_500_16_,500,16,10,1.830756903,7.31,7.323642173,0.186623438,2,2.511275053,0
Instance_500_16_,500,16,10,1.945221901,7.35,7.363658192,0.185825743,2,4.731014013,V2 BLS
Instance_500_16_,500,16,10,1.537940979,7.435000044,7.451708118,0.224721916,2,6.652461052,V2 BLS
Instance_500_16_,500,16,10,1.848711014,7.475,7.489255952,0.190715082,2,49.53394794,V2 BLS
Instance_500_16_,500,16,10,1.897170782,7.47500006,7.483663413,0.115897699,2,80.94162989,V2 BLS
Instance_500_16_,500,16,10,1.563720942,7.475000072,7.515464357,0.541328232,2,864.228848,V2 BLS
Instance_500_16_,500,16,10,1.418897867,7.48,7.50247317,0.30044345,2,1126.161907,V2 BLS
Instance_500_16_,500,16,10,1.625174999,7.480000005,7.49109375,0.148312099,2,1132.258519,V2 BLS
Instance_500_16_,500,16,10,1.382031918,7.480000007,7.4875,0.100267279,2,1187.099345,V2 BLS
Instance_500_16_,500,16,10,1.456166029,7.48000006,7.49500006,0.200534758,2,1272.790678,V2 BLS
Instance_500_16_,500,16,10,1.77760911,7.48000007,7.487437565,0.099431758,2,1274.833347,V2 BLS
Instance_500_16_,500,16,10,1.501059055,7.485,7.4975,0.167000668,2,1859.009732,V2 BLS
Instance_500_16_,500,16,10,1.796712875,7.485,7.5025,0.233800935,2,1863.156816,V2 BLS
Instance_500_16_,500,16,10,1.671984911,7.485000003,7.492500003,0.100200401,2,1968.476764,V2 BLS
Instance_500_16_,500,16,10,1.385564804,7.485000051,7.497500044,0.167000567,2,2210.818541,V2 BLS
Instance_500_16_,500,16,10,1.441087008,7.48500006,7.535638949,0.676538256,2,2929.224875,V2 BLS
Instance_500_16_,500,16,10,1.698163271,7.485000064,7.535638953,0.676538256,2,3315.453287,V2 BLS
Instance_500_16_,500,16,50,8.603979826,7.5245,7.5305,0.079739518,2,9.411808968,0
Instance_500_16_,500,16,50,9.090971231,7.5275,7.5365,0.119561607,2,311.219399,V2 BLS
Instance_500_16_,500,16,50,8.750279903,7.5335,7.5375,0.05309617,2,444.9282408,V2 BLS
Instance_500_16_,500,16,50,8.296941996,7.5395,7.5435,0.053053916,2,1021.667462,V2 BLS
Instance_500_16_,500,16,50,8.697931051,7.5395,7.5445,0.066317395,2,1595.725159,V2 BLS
Instance_500_16_,500,16,50,8.805729151,7.5415,7.547,0.072929789,2,1605.37359,V2 BLS
Instance_500_16_,500,16,50,8.708793163,7.5475,7.556,0.112620073,2,1931.038114,V2 BLS
Instance_500_16_,500,16,50,8.811310768,7.5485,7.5495,0.013247665,2,3021.701336,V2 BLS
Instance_500_16_,500,16,100,17.75242305,7.44245,7.443022222,0.007688627,2,18.73294711,0
Instance_500_16_,500,16,100,18.25297713,7.4555,7.4564,0.012071625,2,38.58919096,V2 BLS
Instance_500_16_,500,16,100,18.58673096,7.45585,7.45685,0.013412287,2,174.6429482,V2 BLS
Instance_500_16_,500,16,100,18.0101943,7.45945,7.46155,0.02815221,2,776.1933141,V2 BLS
Instance_500_16_,500,16,150,28.73601484,7.507400003,7.508370114,0.012922063,2,30.22612619,0
Instance_500_16_,500,16,150,30.083534,7.536500001,7.537730162,0.016322708,2,62.73002005,V2 BLS
Instance_500_16_,500,16,150,29.98795104,7.537677778,7.538328877,0.00863793,2,472.9961092,V2 BLS
Instance_500_16_,500,16,150,29.03512502,7.542911113,7.544553519,0.021774165,2,1457.75655,V2 BLS
Instance_500_16_,500,16,150,32.23098111,7.544566667,7.54509838,0.007047637,2,1998.45881,V2 BLS
Instance_500_16_,500,16,200,41.99110508,8.12215,8.122750003,0.007387246,2,47.97267699,0
Instance_500_16_,500,16,200,41.69901109,8.1418,8.1426,0.009825837,2,93.55522394,V2 BLS
Instance_500_16_,500,16,200,40.85590124,8.14245,8.14315,0.008596921,2,1448.695011,V2 BLS
Instance_500_16_,500,16,200,40.40719104,8.1425,8.1432,0.008596868,2,1743.648049,V2 BLS
Instance_500_50_,500,50,10,3.975449085,9.2465,9.263768227,0.186754203,2,5.31772995,0
Instance_500_50_,500,50,10,3.048868179,9.326,9.354789938,0.308706176,2,183.7677481,V4 BLS
Instance_500_50_,500,50,10,3.554969072,9.337,9.349583334,0.134768486,2,451.288312,V4 BLS
Instance_500_50_,500,50,10,3.253628731,9.366,9.427659258,0.658330748,2,553.5214851,V4 BLS
Instance_500_50_,500,50,10,3.97951889,9.382000015,9.38675801,0.050714076,2,668.2243471,V4 BLS
Instance_500_50_,500,50,10,3.21246171,9.387,9.417605738,0.326043864,2,987.1994212,V4 BLS
Instance_500_50_,500,50,10,4.150658131,9.391000005,9.397190493,0.065919372,2,1261.209002,V4 BLS
Instance_500_50_,500,50,10,3.884515762,9.407,9.42157413,0.154928561,2,1377.382759,V4 BLS
Instance_500_50_,500,50,10,3.448108196,9.432,9.468438128,0.386324507,2,1686.077064,V4 BLS
Instance_500_50_,500,50,10,3.564638853,9.467,9.495926924,0.305555335,2,1972.138357,V4 BLS
Instance_500_50_,500,50,10,3.785605907,9.502000004,9.5055,0.036834305,2,2253.663606,V4 BLS
Instance_500_50_,500,50,10,3.37558198,9.537000001,9.569647769,0.342327448,2,2615.254351,V4 BLS
Instance_500_50_,500,50,10,3.29103899,9.547000002,9.578242132,0.327245522,2,2716.36356,V4 BLS
Instance_500_50_,500,50,10,3.430319786,9.587000005,9.608541908,0.224699103,2,2821.219821,V4 BLS
Instance_500_50_,500,50,10,4.035238981,9.607,9.614906912,0.082303653,2,3350.678206,V4 BLS
Instance_500_50_,500,50,10,3.652023077,9.621,9.645338971,0.252977558,2,3451.175666,V4 BLS
Instance_500_50_,500,50,10,4.017652035,9.637000005,9.69725617,0.625258534,2,3590.103873,V4 BLS
Instance_500_50_,500,50,50,20.48338103,9.547000009,9.558500009,0.120456688,2,22.58238006,0
Instance_500_50_,500,50,50,21.81375623,9.5655,9.566000009,0.005227208,2,203.4300351,V4 BLS
Instance_500_50_,500,50,50,21.29429507,9.578,9.5815,0.036542076,2,564.4064319,V4 BLS
Instance_500_50_,500,50,50,23.22885871,9.5895,9.590000007,0.00521411,2,733.2383511,V4 BLS
Instance_500_50_,500,50,50,20.86536908,9.6055,9.6165,0.114517724,2,1280.202252,V4 BLS
Instance_500_50_,500,50,100,50.64612079,9.9521,9.952850002,0.00753612,2,55.76687694,0
Instance_500_50_,500,50,100,52.24043202,9.9601,9.960750001,0.006526053,2,400.3265197,V4 BLS
Instance_500_50_,500,50,100,49.55605197,9.984650006,9.989450006,0.048073793,2,2298.09202,V4 BLS
Instance_500_50_,500,50,150,79.47240233,9.7781,9.779035621,0.009568537,2,83.34649301,0
Instance_500_50_,500,50,150,78.71663475,9.788488889,9.789441118,0.009728051,2,251.5083122,V4 BLS
Instance_500_50_,500,50,150,78.40346384,9.797466667,9.798433741,0.009870655,2,750.236306,V4 BLS
Instance_500_50_,500,50,150,78.77970004,9.797522222,9.79834545,0.00840241,2,3588.906669,V4 BLS
Instance_500_50_,500,50,200,115.1580741,9.883800001,9.885850001,0.020741011,2,120.5108249,0
Instance_500_50_,500,50,200,123.5854111,9.89415,9.894850002,0.007074907,2,625.57587,V4 BLS
Instance_500_50_,500,50,200,116.9767561,9.895400001,9.902250001,0.069224084,2,1390.309182,V4 BLS
Instance_500_50_,500,50,200,116.2555573,9.90235,9.90585,0.035345145,2,1760.141832,V4 BLS
Instance_500_100_,500,100,10,5.849230051,10.0945,10.12633884,0.315407811,2,7.106906176,0
Instance_500_100_,500,100,10,5.895195246,10.146,10.15356983,0.074609019,2,45.86055803,V4 BLS
Instance_500_100_,500,100,10,7.19542098,10.1665,10.16650006,5.92187E-07,2,828.6059461,V4 BLS
Instance_500_100_,500,100,10,6.347041845,10.168,10.2110008,0.422903147,2,1265.023574,V4 BLS
Instance_500_100_,500,100,10,7.083870888,10.178,10.19498438,0.166873448,2,3248.520526,V4 BLS
Instance_500_100_,500,100,50,30.22758508,10.101,10.10100001,7.33187E-08,2,32.62308288,0
Instance_500_100_,500,100,50,28.99908185,10.108,10.121,0.128611001,2,66.85166287,V4 BLS
Instance_500_100_,500,100,50,29.59966207,10.1115,10.11250001,0.009889803,2,291.9458148,V4 BLS
Instance_500_100_,500,100,50,28.70547318,10.1225,10.1255,0.029636947,2,1113.85427,V4 BLS
Instance_500_100_,500,100,50,28.13737583,10.1495,10.158,0.083747968,2,1242.902063,V4 BLS
Instance_500_100_,500,100,50,28.59150839,10.16,10.172,0.118110236,2,1402.963881,V4 BLS
Instance_500_100_,500,100,100,71.55194497,10.40835,10.40835,7.89288E-09,2,79.86773396,0
Instance_500_100_,500,100,150,113.2206552,10.12661111,10.12694109,0.003258548,2,120.4690239,0
Instance_500_100_,500,100,150,110.0587111,10.1345,10.13537302,0.008614289,2,362.151943,V4 BLS
Instance_500_100_,500,100,150,114.1866632,10.13695556,10.13749346,0.005306418,2,850.6160469,V4 BLS
Instance_500_100_,500,100,150,115.4910359,10.15093333,10.151919,0.009710067,2,2545.165861,V4 BLS
Instance_500_100_,500,100,150,124.7407401,10.15394444,10.15472104,0.007648167,2,2799.538587,V4 BLS
Instance_500_100_,500,100,150,112.0897791,10.16155556,10.1620399,0.004766392,2,3040.470946,V4 BLS
Instance_500_100_,500,100,150,135.8097899,10.17528889,10.17592427,0.006244315,2,3581.681074,V4 BLS
Instance_500_100_,500,100,200,138.0338879,10.29585,10.29905,0.031080484,2,148.7888336,0
Instance_500_100_,500,100,200,143.3428032,10.3058,10.30745,0.016010402,2,2087.057361,V4 BLS
Instance_500_100_,500,100,200,136.8214159,10.31885,10.31945,0.005814635,2,3336.277301,V4 BLS
Instance_900_16_,900,16,10,3.200614214,8.4275,8.434948454,0.088382719,2,4.091520071,0
Instance_900_16_,900,16,10,2.968578815,8.4325,8.437448454,0.058683114,2,7.309836149,V2 BLS
Instance_900_16_,900,16,10,3.024276972,8.4375,8.508524832,0.84177579,2,570.3780172,V2 BLS
Instance_900_16_,900,16,10,2.70773983,8.4425,8.4465,0.047379331,2,1313.208835,V2 BLS
Instance_900_16_,900,16,10,2.885421038,8.442500005,8.445369825,0.033992534,2,1966.764108,V2 BLS
Instance_900_16_,900,16,10,2.804898739,8.4475,8.514690478,0.79538891,2,2757.748294,V2 BLS
Instance_900_16_,900,16,50,12.78061008,9.238,9.2445,0.07036155,2,14.1606679,0
Instance_900_16_,900,16,50,12.5734148,9.242000006,9.249000006,0.075741182,2,417.945514,V2 BLS
Instance_900_16_,900,16,50,13.44981885,9.2445,9.244500006,6.76787E-08,2,459.0474958,V2 BLS
Instance_900_16_,900,16,50,12.2962079,9.2445,9.251,0.070312077,2,847.6275997,V2 BLS
Instance_900_16_,900,16,50,12.36312199,9.2495,9.2565,0.075679766,2,1016.488861,V2 BLS
Instance_900_16_,900,16,50,12.01836681,9.253,9.262,0.097265752,2,2028.631621,V2 BLS
Instance_900_16_,900,16,50,12.33830309,9.2585,9.2675,0.097207971,2,3096.014084,V2 BLS
Instance_900_16_,900,16,100,36.76042175,9.2599,9.260671425,0.008330809,2,38.43216705,0
Instance_900_16_,900,16,100,34.98511195,9.2689,9.293626979,0.266773612,2,478.315109,V2 BLS
Instance_900_16_,900,16,100,36.33458996,9.270250001,9.272880377,0.028374382,2,1764.313571,V2 BLS
Instance_900_16_,900,16,150,60.77693701,9.175755556,9.176360845,0.00659662,2,62.68756104,0
Instance_900_16_,900,16,150,65.40282917,9.176411111,9.176892772,0.005248904,2,795.9143481,V2 BLS
Instance_900_16_,900,16,200,84.26273322,9.3896,9.3953,0.060705461,2,88.55245996,0
Instance_900_16_,900,16,200,94.597965,9.3898,9.40025,0.111290975,2,3134.334946,V2 BLS
Instance_900_50_,900,50,10,7.239744186,12.535,12.535,0,2,7.788822174,0
Instance_900_50_,900,50,10,16.53478885,12.5655,12.5705,0.03979146,2,98.25059319,V4 BLS
Instance_900_50_,900,50,10,10.27017117,12.5715,12.61084835,0.312996481,2,216.0851662,V4 BLS
Instance_900_50_,900,50,10,10.42028069,12.6515,12.68283859,0.247706486,2,228.1195343,V4 BLS
Instance_900_50_,900,50,10,8.595243931,12.6665,12.67150002,0.039474361,2,237.5828249,V4 BLS
Instance_900_50_,900,50,10,8.758801222,12.6745,12.70869846,0.269820965,2,292.1143241,V4 BLS
Instance_900_50_,900,50,10,12.56694984,12.7245,12.7245,1.79322E-08,2,481.4634352,V4 BLS
Instance_900_50_,900,50,10,9.632655859,12.776,12.78100005,0.039136265,2,491.916512,V4 BLS
Instance_900_50_,900,50,10,10.42022872,12.8525,12.86934935,0.131097854,2,824.2584112,V4 BLS
Instance_900_50_,900,50,10,8.401539087,12.87150001,12.882562,0.085941681,2,1238.341683,V4 BLS
Instance_900_50_,900,50,10,10.21711087,12.903,12.90300002,1.28089E-07,2,1993.961949,V4 BLS
Instance_900_50_,900,50,10,9.492168903,12.915,12.92,0.038714673,2,2442.426148,V4 BLS
Instance_900_50_,900,50,10,13.2970109,12.92400001,12.92900001,0.038687713,2,2805.459934,V4 BLS
Instance_900_50_,900,50,10,13.29639983,12.92600001,12.93305,0.054541224,2,3334.555957,V4 BLS
Instance_900_50_,900,50,50,64.55273485,12.286,12.2895,0.02848771,2,66.272964,0
Instance_900_50_,900,50,50,53.27111793,12.2975,12.3225,0.203293352,2,1218.433938,V4 BLS
Instance_900_50_,900,50,50,54.2087307,12.3,12.30100001,0.008130148,2,3534.502331,V4 BLS
Instance_900_50_,900,50,100,130.0532639,12.29315,12.29405,0.007321191,2,133.3391569,0
Instance_900_50_,900,50,150,255.480705,11.83602222,11.83714636,0.009497579,2,260.3906,0
Instance_900_50_,900,50,150,235.831181,11.83781111,11.83856859,0.006398848,2,2024.452282,V4 BLS
Instance_900_50_,900,50,200,401.66047,11.98955,11.9905,0.007923567,2,408.518589,0
Instance_900_50_,900,50,200,368.2995119,12.02415,12.02525,0.009148256,2,789.1483831,V4 BLS
Instance_900_100_,900,100,10,8.747003794,12.79,12.82278192,0.25630901,2,9.926383018,0
Instance_900_100_,900,100,10,9.047886848,12.8315,12.8315,1.38437E-14,2,20.31869698,V4 BLS
Instance_900_100_,900,100,10,10.40688992,12.86,12.86,0,2,42.63151383,V4 BLS
Instance_900_100_,900,100,10,8.016851902,12.927,12.927,0,2,108.1619432,V4 BLS
Instance_900_100_,900,100,10,8.79791069,12.932,12.932,0,2,293.3530772,V4 BLS
Instance_900_100_,900,100,10,10.55868793,12.932,12.97602894,0.34046507,2,509.672421,V4 BLS
Instance_900_100_,900,100,10,9.837198019,12.948,12.96044444,0.096110939,2,1020.188091,V4 BLS
Instance_900_100_,900,100,10,9.996101856,12.95550002,12.95550002,0,2,1049.701716,V4 BLS
Instance_900_100_,900,100,10,11.04211688,13.0105,13.06416131,0.41244614,2,1752.795455,V4 BLS
Instance_900_100_,900,100,10,8.374591112,13.0425,13.0425,1.09104E-08,2,3069.427664,V4 BLS
Instance_900_100_,900,100,10,9.7800138,13.05100001,13.06138889,0.079602244,2,3098.22738,V4 BLS
Instance_900_100_,900,100,50,60.45735002,12.4165,12.41750001,0.008053891,2,67.23510194,0
Instance_900_100_,900,100,50,58.966645,12.4225,12.43,0.060374321,2,212.0067792,V4 BLS
Instance_900_100_,900,100,50,69.26909423,12.4365,12.4365,3.17982E-09,2,358.4097011,V4 BLS
Instance_900_100_,900,100,50,69.12577105,12.455,12.4565,0.012043356,2,568.4405119,V4 BLS
Instance_900_100_,900,100,50,68.76118708,12.4815,12.4885,0.056083003,2,979.47909,V4 BLS
Instance_900_100_,900,100,50,70.10215306,12.503,12.506,0.023994241,2,1471.901538,V4 BLS
Instance_900_100_,900,100,100,132.9690619,12.18375,12.18475001,0.008207737,2,139.1197541,0
Instance_900_100_,900,100,100,126.0937018,12.18425,12.18525001,0.008207373,2,410.4631681,V4 BLS
Instance_900_100_,900,100,100,134.7380528,12.18905,12.19005,0.008204101,2,1671.386411,V4 BLS
Instance_900_100_,900,100,150,266.9262757,12.71902222,12.72013572,0.008754573,2,276.3348238,0
Instance_900_100_,900,100,150,248.3757811,12.73495556,12.73573539,0.006123573,2,2580.19028,V4 BLS
Instance_900_100_,900,100,200,328.5063648,12.4005,12.4017,0.009677048,2,340.5871933,0
Instance_900_100_,900,100,200,319.02614,12.4378,12.43905,0.010050009,2,2015.541071,V4 BLS
Instance_1500_16_,1500,16,10,3.334556818,9.939,9.960863287,0.219974718,2,4.215450048,0
Instance_1500_16_,1500,16,10,2.898766994,9.949000003,9.952277781,0.032945803,2,14.02559304,V2 BLS
Instance_1500_16_,1500,16,10,2.724093199,9.951500004,9.959969734,0.085110078,2,30.15404224,V2 BLS
Instance_1500_16_,1500,16,10,2.793221951,9.961500002,9.966430558,0.049496116,2,74.32339883,V2 BLS
Instance_1500_16_,1500,16,10,2.510798216,9.965,9.965000008,7.52746E-08,2,346.2687101,V2 BLS
Instance_1500_16_,1500,16,10,2.71952486,9.965000007,9.969897966,0.049151624,2,444.5993249,V2 BLS
Instance_1500_16_,1500,16,10,2.408988237,9.970000006,9.97246069,0.024680884,2,1088.902121,V2 BLS
Instance_1500_16_,1500,16,10,2.426486015,9.970000006,9.970500006,0.005015045,2,1783.286612,V2 BLS
Instance_1500_16_,1500,16,10,2.38027215,9.970000009,9.973407939,0.034181851,2,2031.360761,V2 BLS
Instance_1500_16_,1500,16,10,2.476456165,9.975000005,9.978500005,0.035087719,2,2863.027903,V2 BLS
Instance_1500_16_,1500,16,10,2.258759022,9.98,9.98,0,2,3204.104824,V2 BLS
Instance_1500_16_,1500,16,50,15.70497298,11.305,11.3155,0.092879257,2,17.15442705,0
Instance_1500_16_,1500,16,50,16.82290673,11.3105,11.3155,0.044206711,2,325.261517,V2 BLS
Instance_1500_16_,1500,16,50,18.08746696,11.3205,11.325,0.039750894,2,1460.942707,V2 BLS
Instance_1500_16_,1500,16,50,18.62843394,11.322,11.3265,0.039745628,2,3233.010996,V2 BLS
Instance_1500_16_,1500,16,50,17.17130709,11.3225,11.327,0.039743873,2,3288.647397,V2 BLS
Instance_1500_16_,1500,16,100,72.12313008,10.6402,10.68518563,0.422789341,2,84.44692111,0
Instance_1500_16_,1500,16,150,202.5838768,11.27531111,11.27592818,0.005472715,2,205.2557151,0
Instance_1500_16_,1500,16,200,238.8440108,11.05635,11.0635,0.06466872,2,252.1201551,0
Instance_1500_50_,1500,50,10,7.439486027,12.78400001,12.80311491,0.149522068,2,8.265244961,0
Instance_1500_50_,1500,50,10,6.946804047,12.911,12.91100002,1.35474E-07,2,24.90485883,V4 BLS
Instance_1500_50_,1500,50,10,7.281527996,12.978,12.978,0,2,56.21728802,V4 BLS
Instance_1500_50_,1500,50,10,8.216011047,13.042,13.05459283,0.096555978,2,175.2656391,V4 BLS
Instance_1500_50_,1500,50,10,7.083543062,13.057,13.06983657,0.09831179,2,198.673285,V4 BLS
Instance_1500_50_,1500,50,10,6.619306087,13.08,13.10708519,0.207073318,2,312.8400369,V4 BLS
Instance_1500_50_,1500,50,10,6.684184074,13.151,13.15722404,0.047327487,2,477.950794,V4 BLS
Instance_1500_50_,1500,50,10,6.926800728,13.158,13.158,1.11717E-08,2,801.3710999,V4 BLS
Instance_1500_50_,1500,50,10,6.640341997,13.169,13.169,1.34889E-14,2,1082.43133,V4 BLS
Instance_1500_50_,1500,50,10,7.328794003,13.172,13.172,8.09151E-14,2,1267.627638,V4 BLS
Instance_1500_50_,1500,50,10,6.660235167,13.191,13.191,1.06788E-08,2,1739.998557,V4 BLS
Instance_1500_50_,1500,50,10,6.493306875,13.201,13.21110179,0.076522932,2,2758.650071,V4 BLS
Instance_1500_50_,1500,50,10,6.63210392,13.236,13.236,3.06131E-08,2,2765.906255,V4 BLS
Instance_1500_50_,1500,50,10,6.974159956,13.25,13.26459675,0.110164123,2,2787.501753,V4 BLS
Instance_1500_50_,1500,50,10,6.439450979,13.267,13.27237013,0.040477349,2,2968.260569,V4 BLS
Instance_1500_50_,1500,50,50,85.8982141,13.709,13.782,0.5324969,2,120.3881309,0
Instance_1500_50_,1500,50,50,152.442256,13.7295,13.7725,0.313194217,2,742.260515,V4 BLS
Instance_1500_50_,1500,50,100,334.3637938,13.82855,13.82960001,0.007593029,2,338.3458819,0
Instance_1500_50_,1500,50,100,326.7487791,13.83655,13.83775,0.008672685,2,1391.063339,V4 BLS
Instance_1500_50_,1500,50,150,627.6627779,14.07907778,14.08068317,0.011402695,2,633.6917639,0
Instance_1500_50_,1500,50,200,637.2985463,14.10635,14.11264362,0.044615544,2,645.2043459,0
Instance_1500_100_,1500,100,10,7.402719975,12.887,12.90827906,0.165120353,2,8.813071251,0
Instance_1500_100_,1500,100,10,8.086594105,12.9325,12.94897365,0.127381767,2,210.2244112,V4 BLS
Instance_1500_100_,1500,100,10,7.504897118,12.953,12.981,0.216166139,2,228.2391002,V4 BLS
Instance_1500_100_,1500,100,10,7.941163063,12.963,13.00511174,0.324861092,2,929.4510789,V4 BLS
Instance_1500_100_,1500,100,10,7.807463884,12.97,13.00819615,0.294496107,2,1231.288191,V4 BLS
Instance_1500_100_,1500,100,10,8.116160154,12.9715,13.02196563,0.389050042,2,1257.227204,V4 BLS
Instance_1500_100_,1500,100,10,13.60294724,12.972,12.972,3.41118E-08,2,1285.333809,V4 BLS
Instance_1500_100_,1500,100,10,8.761334896,13.0165,13.03818761,0.166616324,2,1625.470969,V4 BLS
Instance_1500_100_,1500,100,10,12.65323472,13.0355,13.03550001,7.89177E-08,2,1736.73636,V4 BLS
Instance_1500_100_,1500,100,10,9.700527906,13.04150001,13.05078053,0.071161401,2,1948.503405,V4 BLS
Instance_1500_100_,1500,100,10,8.915350676,13.07150001,13.08414572,0.096742593,2,1962.842037,V4 BLS
Instance_1500_100_,1500,100,10,12.60395193,13.1005,13.1055,0.038166482,2,1976.751947,V4 BLS
Instance_1500_100_,1500,100,10,9.008473873,13.1055,13.1442052,0.295335567,2,2071.769771,V4 BLS
Instance_1500_100_,1500,100,10,9.684311867,13.10550001,13.12240001,0.128953539,2,2256.652917,V4 BLS
Instance_1500_100_,1500,100,10,11.60723591,13.11750001,13.1225,0.038116918,2,2796.358114,V4 BLS
Instance_1500_100_,1500,100,10,12.07801127,13.1225,13.12250001,5.56255E-08,2,2809.544583,V4 BLS
Instance_1500_100_,1500,100,10,11.33380604,13.18150001,13.18880796,0.055440946,2,3289.964632,V4 BLS
Instance_1500_100_,1500,100,10,10.32310605,13.2075,13.23545375,0.211650562,2,3546.227993,V4 BLS
Instance_1500_100_,1500,100,50,80.29750919,13.6875,13.6875,6.03885E-09,2,83.85514307,0
Instance_1500_100_,1500,100,100,375.7969382,14.6753,14.6761,0.005451364,2,383.508106,0
Instance_1500_100_,1500,100,150,597.7178752,14.66288889,14.66433867,0.009887425,2,609.2823429,0
Instance_1500_100_,1500,100,150,603.208518,14.66563333,14.6661706,0.003663433,2,1834.518999,V4 BLS
Instance_1500_100_,1500,100,150,626.6121941,14.68851111,14.68988129,0.009328233,2,2480.450829,V4 BLS
Instance_1500_100_,1500,100,200,668.8805549,14.7234,14.98779518,1.79574815,2,684.8472929,0
Instance_1500_100_,1500,100,200,672.3557689,14.76305,14.79865,0.241142582,2,1383.387902,V4 BLS
